-- phpMyAdmin SQL Dump
-- version 5.2.1
-- https://www.phpmyadmin.net/
--
-- Host: localhost:3306
-- Generation Time: Apr 18, 2024 at 01:05 AM
-- Server version: 10.6.17-MariaDB-cll-lve
-- PHP Version: 8.1.26

SET SQL_MODE = "NO_AUTO_VALUE_ON_ZERO";
START TRANSACTION;
SET time_zone = "+00:00";


/*!40101 SET @OLD_CHARACTER_SET_CLIENT=@@CHARACTER_SET_CLIENT */;
/*!40101 SET @OLD_CHARACTER_SET_RESULTS=@@CHARACTER_SET_RESULTS */;
/*!40101 SET @OLD_COLLATION_CONNECTION=@@COLLATION_CONNECTION */;
/*!40101 SET NAMES utf8mb4 */;

--
-- Database: `brad_fitness_project`
--

-- --------------------------------------------------------

--
-- Table structure for table `admin_notifications`
--

CREATE TABLE `admin_notifications` (
  `id` int(11) NOT NULL,
  `user_id` int(20) DEFAULT NULL,
  `title` varchar(100) DEFAULT NULL,
  `description` varchar(255) DEFAULT NULL,
  `time` datetime DEFAULT NULL,
  `seen` enum('0','1','','') DEFAULT NULL COMMENT '0=notseen, 1=seen',
  `created_at` timestamp NOT NULL DEFAULT current_timestamp()
) ENGINE=InnoDB DEFAULT CHARSET=latin1 COLLATE=latin1_swedish_ci;

--
-- Dumping data for table `admin_notifications`
--

INSERT INTO `admin_notifications` (`id`, `user_id`, `title`, `description`, `time`, `seen`, `created_at`) VALUES
(1, 1, 'Assign Meal Request', 'Assign Meal Request to kinjal', '2023-03-17 12:54:10', '1', '2023-03-17 07:24:10'),
(2, 2, 'Assign Meal Request', 'Assign Meal Request to bhavesh jain', '2023-03-17 12:59:52', '1', '2023-03-17 07:29:52'),
(3, 1, 'Assign Meal Request', 'kinjal has sent meal request', '2023-03-17 13:11:12', '1', '2023-03-17 07:41:12'),
(4, 2, 'Assign Meal Request', 'bhavesh jain has sent meal request', '2023-03-17 13:11:17', '1', '2023-03-17 07:41:17'),
(5, 2, 'Assign Meal Request', 'bhavesh jain has sent meal request', '2023-03-19 20:18:18', '1', '2023-03-19 14:48:18'),
(6, 16, 'Assign Meal Request', 'Assign Meal Request to BHAVESH JAIN', '2023-03-28 12:03:20', '1', '2023-03-28 06:33:20'),
(7, 16, 'Assign Meal Request', 'Assign Meal Request to BHAVESH JAIN', '2023-03-28 12:03:20', '1', '2023-03-28 06:33:20'),
(8, 17, 'Assign Meal Request', 'Assign Meal Request to ap_user', '2023-03-28 14:03:02', '1', '2023-03-28 08:33:02'),
(9, 15, 'Assign Meal Request', 'Assign Meal Request to Shubham Khare', '2023-03-28 23:05:34', '1', '2023-03-28 17:35:34'),
(10, 2, 'Assign Meal Request', 'bhavesh jain has sent meal request', '2023-03-29 13:05:00', '1', '2023-03-29 07:35:00'),
(11, 31, 'Assign Meal Request', 'Assign Meal Request to ashutosh chauhan', '2023-05-18 22:04:21', '1', '2023-05-18 16:34:21'),
(12, 23, 'Assign Meal Request', 'Assign Meal Request to Brad zoltz', '2023-06-13 19:51:41', '1', '2023-06-13 14:21:41'),
(13, 23, 'Assign Meal Request', 'Assign Meal Request to Brad zoltz', '2023-06-13 19:51:42', '1', '2023-06-13 14:21:42'),
(14, 23, 'Assign Meal Request', 'Brad zoltz has sent meal request', '2023-06-16 01:08:44', '1', '2023-06-15 19:38:44'),
(15, 38, 'Assign Meal Request', 'Assign Meal Request to Holly Beck', '2023-07-01 01:16:14', '1', '2023-06-30 19:46:14'),
(16, 38, 'Assign Meal Request', 'Assign Meal Request to Holly Beck', '2023-07-01 01:16:22', '1', '2023-06-30 19:46:22'),
(17, 34, 'Assign Meal Request', 'Assign Meal Request to Jeremy hughes', '2023-07-16 22:02:51', '1', '2023-07-16 16:32:51'),
(18, 35, 'Assign Meal Request', 'Assign Meal Request to Taimane Zoltz', '2023-08-09 01:30:14', '1', '2023-08-08 20:00:14'),
(19, 42, 'Assign Meal Request', 'Assign Meal Request to shivam', '2023-08-18 14:47:54', '1', '2023-08-18 09:17:54'),
(20, 42, 'Assign Meal Request', 'Assign Meal Request to shivam', '2023-08-18 14:49:57', '1', '2023-08-18 09:19:57'),
(21, 42, 'Assign Meal Request', 'Assign Meal Request to shivam', '2023-08-18 15:01:20', '1', '2023-08-18 09:31:20'),
(22, 44, 'Assign Meal Request', 'Assign Meal Request to Bhavesh jain', '2023-08-21 14:51:39', '1', '2023-08-21 09:21:39'),
(23, 44, 'Assign Meal Request', 'Assign Meal Request to Bhavesh jain', '2023-08-21 14:51:39', '1', '2023-08-21 09:21:39'),
(24, 44, 'Assign Meal Request', 'Assign Meal Request to Bhavesh jain', '2023-08-21 14:51:39', '1', '2023-08-21 09:21:39'),
(25, 44, 'Assign Meal Request', 'Assign Meal Request to Bhavesh jain', '2023-08-21 14:51:39', '1', '2023-08-21 09:21:39'),
(26, 44, 'Assign Meal Request', 'Assign Meal Request to Bhavesh jain', '2023-08-21 14:54:16', '1', '2023-08-21 09:24:16'),
(27, 48, 'Assign Meal Request', 'Assign Meal Request to Saurabh Kumbhar', '2023-08-22 16:15:54', '1', '2023-08-22 10:45:54'),
(28, 48, 'Assign Meal Request', 'Assign Meal Request to Saurabh Kumbhar', '2023-08-22 16:17:40', '1', '2023-08-22 10:47:40'),
(29, 51, 'Assign Meal Request', 'Assign Meal Request to Saurabh Kumbhar', '2023-08-23 11:05:08', '1', '2023-08-23 05:35:08'),
(30, 52, 'Assign Meal Request', 'Assign Meal Request to Saurabh Kumbhar', '2023-08-23 12:09:40', '1', '2023-08-23 06:39:40'),
(31, 48, 'Assign Meal Request', 'Assign Meal Request to Saurabh Kumbhar', '2023-08-23 12:48:30', '1', '2023-08-23 07:18:30'),
(32, 54, 'Assign Meal Request', 'Assign Meal Request to Sfg', '2023-08-23 16:43:02', '1', '2023-08-23 11:13:02'),
(33, 54, 'Assign Meal Request', 'Assign Meal Request to Sfg', '2023-08-23 16:44:06', '1', '2023-08-23 11:14:06'),
(34, 53, 'Assign Meal Request', 'Assign Meal Request to gurman deep', '2023-08-24 16:47:57', '1', '2023-08-24 11:17:57'),
(35, 53, 'Assign Meal Request', 'gurman deep has sent meal request', '2023-08-24 16:49:27', '1', '2023-08-24 11:19:27'),
(36, 54, 'Assign Meal Request', 'Assign Meal Request to Sfg', '2023-08-29 09:55:12', '1', '2023-08-29 04:25:12'),
(37, 21, 'Assign Meal Request', 'Assign Meal Request to shivam', '2023-08-29 09:58:16', '1', '2023-08-29 04:28:16'),
(38, 54, 'Assign Meal Request', 'Assign Meal Request to Sfg', '2023-08-29 10:01:21', '1', '2023-08-29 04:31:21'),
(39, 54, 'Assign Meal Request', 'Assign Meal Request to Sfg', '2023-08-29 10:01:27', '1', '2023-08-29 04:31:27'),
(40, 54, 'Assign Meal Request', 'Assign Meal Request to Sfg', '2023-08-29 10:02:00', '1', '2023-08-29 04:32:00'),
(41, 54, 'Assign Meal Request', 'Assign Meal Request to Sfg', '2023-08-29 10:21:51', '1', '2023-08-29 04:51:51'),
(42, 54, 'Assign Meal Request', 'Assign Meal Request to Sfg', '2023-08-29 15:59:31', '1', '2023-08-29 10:29:31'),
(43, 55, 'Assign Meal Request', 'Assign Meal Request to Jsjs', '2023-08-29 16:18:45', '1', '2023-08-29 10:48:45'),
(44, 56, 'Assign Meal Request', 'Assign Meal Request to Sry', '2023-08-29 17:58:01', '1', '2023-08-29 12:28:01'),
(45, 57, 'Assign Meal Request', 'Assign Meal Request to sh', '2023-08-31 18:43:32', '1', '2023-08-31 13:13:32'),
(46, 60, 'Assign Meal Request', 'Assign Meal Request to bhavesh jain', '2023-09-01 11:49:59', '1', '2023-09-01 06:19:59'),
(47, 54, 'Assign Meal Request', 'Sfg has sent meal request', '2023-12-20 15:38:18', '1', '2023-12-20 10:08:18'),
(48, 54, 'Assign Meal Request', 'Sfg has sent meal request', '2023-12-20 15:50:32', '1', '2023-12-20 10:20:32'),
(49, 54, 'Assign Meal Request', 'Sfg has sent meal request', '2023-12-20 15:50:36', '1', '2023-12-20 10:20:36'),
(50, 54, 'Assign Meal Request', 'Sfg has sent meal request', '2023-12-20 15:50:38', '1', '2023-12-20 10:20:38'),
(51, 54, 'Assign Meal Request', 'Saurabh has sent meal request', '2023-12-20 17:03:44', '1', '2023-12-20 11:33:44'),
(52, 54, 'Assign Meal Request', 'Saurabh has sent meal request', '2023-12-20 17:03:47', '1', '2023-12-20 11:33:47'),
(53, 68, 'Assign Meal Request', 'Assign Meal Request to Kartik Test 2', '2023-12-20 17:20:45', '1', '2023-12-20 11:50:45'),
(54, 68, 'Assign Meal Request', 'Assign Meal Request to Kartik Test 2', '2023-12-20 17:24:00', '1', '2023-12-20 11:54:00'),
(55, 69, 'Assign Meal Request', 'Assign Meal Request to dhiraj chordia', '2023-12-21 15:55:23', '1', '2023-12-21 10:25:23'),
(56, 60, 'Assign Meal Request', 'bhavesh jain has sent meal request', '2023-12-22 16:59:48', '1', '2023-12-22 11:29:48'),
(57, 54, 'Assign Meal Request', 'Saurabh has sent meal request', '2023-12-23 13:20:51', '1', '2023-12-23 07:50:51'),
(58, 69, 'Assign Meal Request', 'dhiraj chordia has sent meal request', '2023-12-26 10:39:19', '1', '2023-12-26 05:09:19'),
(59, 56, 'Assign Meal Request', 'Sry has sent meal request', '2023-12-27 12:39:20', '1', '2023-12-27 07:09:20'),
(60, 56, 'Assign Meal Request', 'Sry has sent meal request', '2023-12-27 12:54:10', '1', '2023-12-27 07:24:10'),
(61, 70, 'Assign Meal Request', 'Assign Meal Request to Harshit Sinha', '2023-12-27 13:16:46', '1', '2023-12-27 07:46:46'),
(62, 70, 'Assign Meal Request', 'Harshit Sinha has sent meal request', '2023-12-27 13:19:09', '1', '2023-12-27 07:49:09'),
(63, 54, 'Assign Meal Request', 'Saurabh has sent meal request', '2024-01-08 15:34:14', '1', '2024-01-08 10:04:14'),
(64, 54, 'Assign Meal Request', 'Saurabh has sent meal request', '2024-01-08 15:34:25', '1', '2024-01-08 10:04:25'),
(65, 54, 'Assign Meal Request', 'Saurabh has sent meal request', '2024-01-08 15:34:29', '1', '2024-01-08 10:04:29'),
(66, 72, 'Assign Meal Request', 'Assign Meal Request to nayan jain', '2024-01-08 19:47:30', '1', '2024-01-08 14:17:30'),
(67, 72, 'Assign Meal Request', 'nayan jain has sent meal request', '2024-01-22 10:21:49', '1', '2024-01-22 04:51:49'),
(68, 72, 'Assign Meal Request', 'nayan jain has sent meal request', '2024-01-22 18:59:25', '1', '2024-01-22 13:29:25'),
(69, 72, 'Assign Meal Request', 'nayan jain has sent meal request', '2024-01-22 23:13:33', '1', '2024-01-22 17:43:33'),
(70, 75, 'Assign Meal Request', 'Assign Meal Request to Saurabh Kumbhar', '2024-02-20 12:16:25', '1', '2024-02-20 06:46:25'),
(71, 75, 'Assign Meal Request', 'Saurabh Kumbhar has sent meal request', '2024-02-20 12:22:01', '1', '2024-02-20 06:52:01'),
(72, 76, 'Assign Meal Request', 'Assign Meal Request to Harshit sinha', '2024-02-20 12:51:25', '1', '2024-02-20 07:21:25'),
(73, 77, 'Assign Meal Request', 'Assign Meal Request to harshit', '2024-02-20 14:57:42', '1', '2024-02-20 09:27:42'),
(74, 79, 'Assign Meal Request', 'Assign Meal Request to Testing', '2024-02-20 16:52:56', '1', '2024-02-20 11:22:56'),
(75, 54, 'Assign Meal Request', '06/05/2006 has sent meal request', '2024-02-21 20:09:13', '1', '2024-02-21 14:39:13'),
(76, 54, 'Assign Meal Request', '06/05/2006 has sent meal request', '2024-02-21 20:09:17', '1', '2024-02-21 14:39:17'),
(77, 79, 'Assign Meal Request', 'Testing has sent meal request', '2024-02-22 10:04:34', '1', '2024-02-22 04:34:34'),
(78, 23, 'Assign Meal Request', 'Assign Meal Request to Brad zoltz', '2024-02-27 20:58:24', '1', '2024-02-27 15:28:24'),
(79, 2, 'Assign Meal Request', 'Assign Meal Request to bhavesh jain', '2024-03-01 13:40:58', '1', '2024-03-01 08:10:58'),
(80, 81, 'Assign Meal Request', 'Assign Meal Request to testing', '2024-03-01 13:50:36', '1', '2024-03-01 08:20:36'),
(81, 84, 'Assign Meal Request', 'Assign Meal Request to Testing', '2024-03-01 15:18:53', '1', '2024-03-01 09:48:53'),
(82, 48, 'Assign Meal Request', 'Assign Meal Request to Saurabh Kumbhar', '2024-03-12 19:43:34', '1', '2024-03-12 14:13:34'),
(83, 85, 'Assign Meal Request', 'Assign Meal Request to SaurabhIOS', '2024-03-13 11:54:25', '1', '2024-03-13 06:24:25'),
(84, 85, 'Assign Meal Request', 'SaurabhIOS has sent meal request', '2024-03-13 11:59:27', '1', '2024-03-13 06:29:27'),
(85, 88, 'Assign Meal Request', 'Assign Meal Request to avishek', '2024-03-13 17:50:16', '1', '2024-03-13 12:20:16'),
(86, 87, 'Assign Meal Request', 'Assign Meal Request to SInha Harshit', '2024-03-13 17:59:14', '1', '2024-03-13 12:29:14'),
(87, 88, 'Assign Meal Request', 'avishek has sent meal request', '2024-03-15 11:00:26', '1', '2024-03-15 05:30:26'),
(88, 88, 'Assign Meal Request', 'avishek has sent meal request', '2024-03-15 15:11:33', '1', '2024-03-15 09:41:33'),
(89, 88, 'Assign Meal Request', 'avishek has sent meal request', '2024-03-15 15:11:37', '1', '2024-03-15 09:41:37'),
(90, 88, 'Assign Meal Request', 'avishek has sent meal request', '2024-03-15 15:12:01', '1', '2024-03-15 09:42:01'),
(91, 88, 'Assign Meal Request', 'avishek has sent meal request', '2024-03-15 15:12:21', '1', '2024-03-15 09:42:21'),
(92, 81, 'Assign Meal Request', 'testing has sent meal request', '2024-03-22 11:43:38', '1', '2024-03-22 06:13:38'),
(93, 81, 'Assign Meal Request', 'testing has sent meal request', '2024-03-22 11:43:44', '1', '2024-03-22 06:13:44'),
(94, 48, 'Assign Meal Request', 'Saurabh Kumbhar has sent meal request', '2024-03-26 18:02:39', NULL, '2024-03-26 12:32:39'),
(95, 90, 'Assign Meal Request', 'Assign Meal Request to saif khan testing', '2024-03-28 13:22:14', NULL, '2024-03-28 07:52:14'),
(96, 54, 'Assign Meal Request', '06/05/2006 has sent meal request', '2024-04-17 15:19:03', NULL, '2024-04-17 09:49:03'),
(97, 54, 'Assign Meal Request', '06/05/2006 has sent meal request', '2024-04-17 15:19:51', NULL, '2024-04-17 09:49:51');

-- --------------------------------------------------------

--
-- Table structure for table `chats`
--

CREATE TABLE `chats` (
  `id` int(11) NOT NULL,
  `from_user` varchar(200) DEFAULT NULL,
  `to_user` varchar(200) DEFAULT NULL,
  `description` varchar(200) DEFAULT NULL,
  `type` varchar(10) DEFAULT NULL,
  `color` varchar(200) DEFAULT NULL,
  `created_at` timestamp NOT NULL DEFAULT current_timestamp(),
  `updated_at` timestamp NULL DEFAULT NULL ON UPDATE current_timestamp()
) ENGINE=InnoDB DEFAULT CHARSET=latin1 COLLATE=latin1_swedish_ci;

--
-- Dumping data for table `chats`
--

INSERT INTO `chats` (`id`, `from_user`, `to_user`, `description`, `type`, `color`, `created_at`, `updated_at`) VALUES
(194, '2', 'admin', 'hello', 'text', '#5bc0de', '2023-03-20 10:26:01', NULL),
(197, '2', 'admin', 'https://securityoncalls.com/projects/brad/public/uploads/chat_image/1679308166.jpg', 'image', '#5bc0de', '2023-03-20 10:29:26', NULL),
(198, 'admin', '2', 'Kya baat he bhavesh', 'text', NULL, '2023-03-20 10:31:16', NULL),
(199, '2', 'admin', 'hello Bhavesh', 'text', '#5bc0de', '2023-03-20 16:01:12', NULL),
(200, '2', 'admin', 'kya ho raha h', 'text', '#5bc0de', '2023-03-20 16:01:20', NULL),
(201, '1', 'admin', 'hi', 'text', '#5bc0de', '2023-03-24 16:22:29', NULL),
(202, '16', 'admin', 'hello', 'text', '#5bc0de', '2023-03-29 06:50:43', NULL),
(203, '42', 'admin', 'hi', 'text', '#5bc0de', '2023-08-18 09:18:23', NULL),
(204, '54', 'admin', 'dadas', 'text', '#5bc0de', '2023-12-20 11:10:36', NULL),
(205, '54', 'admin', 'http://securityoncalls.com/projects/brad/public/uploads/chat_image/1703070645.jpg', 'image', '#5bc0de', '2023-12-20 11:10:45', NULL),
(206, '54', 'admin', 'http://securityoncalls.com/projects/brad/public/uploads/chat_image/1703071991.jpg', 'image', '#5bc0de', '2023-12-20 11:33:11', NULL),
(207, '54', 'admin', 'http://securityoncalls.com/projects/brad/public/uploads/chat_image/1703072000.jpg', 'image', '#5bc0de', '2023-12-20 11:33:20', NULL),
(208, '54', 'admin', 'hello test', 'text', '#5bc0de', '2023-12-20 11:33:25', NULL),
(209, '54', 'admin', 'test 1', 'text', '#5bc0de', '2023-12-20 11:33:30', NULL),
(210, '79', 'admin', 'http://securityoncalls.com/projects/brad/public/uploads/chat_image/1708514955.jpg', 'image', '#5bc0de', '2024-02-21 11:29:15', NULL),
(211, '79', 'admin', 'hahaja', 'text', '#5bc0de', '2024-02-21 11:29:19', NULL),
(212, '79', 'admin', 'harshit', 'text', '#5bc0de', '2024-02-21 11:44:45', NULL),
(213, '79', 'admin', 'http://securityoncalls.com/projects/brad/public/uploads/chat_image/1708599719.png', 'image', '#5bc0de', '2024-02-22 11:01:59', NULL),
(214, '79', 'admin', 'http://securityoncalls.com/projects/brad/public/uploads/chat_image/1708599766.png', 'image', '#5bc0de', '2024-02-22 11:02:46', NULL),
(215, '2', 'admin', 'hello', 'text', '#5bc0de', '2024-02-22 13:01:16', NULL),
(216, '2', 'admin', 'hello', 'text', '#5bc0de', '2024-03-12 14:12:26', NULL),
(217, '23', 'admin', 'hey coach', 'text', '#5bc0de', '2024-03-12 14:12:40', NULL),
(218, '23', 'admin', 'sending another message', 'text', '#5bc0de', '2024-03-12 14:13:17', NULL),
(219, '48', 'admin', 'Hii', 'text', '#5bc0de', '2024-03-12 14:13:41', NULL),
(220, '2', 'admin', 'hii bhavesh', 'text', '#5bc0de', '2024-03-12 14:13:52', NULL),
(221, '2', 'admin', 'hello', 'text', '#5bc0de', '2024-03-12 14:13:53', NULL),
(222, '2', 'admin', 'jsnsns', 'text', '#5bc0de', '2024-03-12 14:13:56', NULL),
(223, '2', 'admin', 'yragnaja', 'text', '#5bc0de', '2024-03-12 14:14:00', NULL),
(224, '23', 'admin', 'can you send me a message', 'text', '#5bc0de', '2024-03-12 14:14:08', NULL),
(225, '79', 'admin', 'hello test', 'text', '#5bc0de', '2024-03-12 14:14:19', NULL),
(226, '2', 'admin', 'this is working', 'text', '#5bc0de', '2024-03-12 14:14:50', NULL),
(228, '79', 'admin', 'Hello', 'text', '#5bc0de', '2024-03-12 14:23:35', NULL),
(229, '85', 'admin', 'Hello Coach Need Help', 'text', '#5bc0de', '2024-03-13 06:28:32', NULL),
(230, '85', 'admin', 'Hello Coach Need Help', 'text', '#5bc0de', '2024-03-13 06:30:02', NULL),
(233, '81', 'admin', 'hello', 'text', '#5bc0de', '2024-03-13 12:08:45', NULL),
(234, '88', 'admin', 'hello', 'text', '#5bc0de', '2024-03-15 05:23:23', NULL),
(236, '88', 'admin', 'hello', 'text', '#5bc0de', '2024-03-15 09:43:27', NULL),
(237, '88', 'admin', 'deepak', 'text', '#5bc0de', '2024-03-15 09:44:03', NULL),
(239, '88', 'admin', 'hello', 'text', '#5bc0de', '2024-03-18 11:10:33', NULL),
(242, '88', 'admin', 'recived', 'text', '#5bc0de', '2024-03-18 11:12:56', NULL),
(244, '88', 'admin', 'ha. bolo', 'text', '#5bc0de', '2024-03-18 11:25:13', NULL),
(248, '88', 'admin', NULL, 'text', '#5bc0de', '2024-03-19 04:03:18', NULL),
(249, '88', 'admin', 'hey testing', 'text', '#5bc0de', '2024-03-19 04:04:05', NULL),
(250, '88', 'admin', 'hey deepak', 'text', '#5bc0de', '2024-03-19 05:11:30', NULL),
(251, '88', 'admin', 'bhg', 'text', '#5bc0de', '2024-03-19 05:11:41', NULL),
(252, '88', 'admin', 'hhc', 'text', '#5bc0de', '2024-03-19 05:11:48', NULL),
(253, '88', 'admin', 'gfhdf', 'text', '#5bc0de', '2024-03-19 05:12:02', NULL),
(254, '88', 'admin', '.', 'text', '#5bc0de', '2024-03-19 05:12:33', NULL),
(255, '65', 'admin', 'hey testing', 'text', '#5bc0de', '2024-03-19 05:12:39', NULL),
(257, '88', 'admin', 'hello', 'text', '#5bc0de', '2024-03-19 05:13:50', NULL),
(265, '48', 'admin', 'Hi coach', 'text', '#5bc0de', '2024-03-19 16:14:50', NULL),
(266, '75', 'admin', 'Hii coach', 'text', '#5bc0de', '2024-03-19 16:18:15', NULL),
(272, '70', 'admin', 'hii i am harshit', 'text', '#5bc0de', '2024-03-19 19:53:53', NULL),
(273, '70', 'admin', 'i need the training', 'text', '#5bc0de', '2024-03-19 19:54:14', NULL),
(276, '81', 'admin', 'ok i will pay today', 'text', '#5bc0de', '2024-03-20 08:01:55', NULL),
(277, '81', 'admin', 'i have one question', 'text', '#5bc0de', '2024-03-20 08:02:39', NULL),
(278, '81', 'admin', 'can i change my time', 'text', '#5bc0de', '2024-03-20 08:16:30', NULL),
(279, 'admin', '81', 'testing', 'text', NULL, '2024-03-20 08:41:51', NULL),
(280, 'admin', '81', 'hello', 'text', NULL, '2024-03-20 08:42:15', NULL),
(281, 'admin', '81', 'test1', 'text', NULL, '2024-03-20 08:42:25', NULL),
(282, '81', 'admin', 'hello', 'text', '#5bc0de', '2024-03-20 08:47:40', NULL),
(283, 'admin', '81', 'hanji boliye', 'text', NULL, '2024-03-20 08:48:05', NULL),
(284, '81', 'admin', 'i have change my gym time', 'text', '#5bc0de', '2024-03-20 08:48:34', NULL),
(285, 'admin', '81', 'ok which time you will come', 'text', NULL, '2024-03-20 08:49:02', NULL),
(286, 'admin', '23', 'I will be sending you a message soon', 'text', NULL, '2024-03-20 19:25:47', NULL),
(287, '81', 'admin', 'hello saurabh', 'text', '#5bc0de', '2024-03-22 06:21:13', NULL);

-- --------------------------------------------------------

--
-- Table structure for table `coaches`
--

CREATE TABLE `coaches` (
  `id` bigint(20) UNSIGNED NOT NULL,
  `name` varchar(255) NOT NULL,
  `description` text NOT NULL,
  `image` varchar(255) NOT NULL,
  `created_at` timestamp NULL DEFAULT NULL,
  `updated_at` timestamp NULL DEFAULT NULL
) ENGINE=InnoDB DEFAULT CHARSET=utf8mb4 COLLATE=utf8mb4_unicode_ci;

--
-- Dumping data for table `coaches`
--

INSERT INTO `coaches` (`id`, `name`, `description`, `image`, `created_at`, `updated_at`) VALUES
(1, 'Ronnie Colman', 'testing', 'coach_images/RA1xUmxmVT1Q3OyVzzPizMagyWv80KHhm2ZnLtFj.jpg', '2024-04-03 17:48:02', '2024-04-03 17:48:02'),
(3, 'brad teeam', 'daily workout', 'coach_images/GC1vDSjB5Ppmdq06mULnBhvMXHeSIJsxTjULuYpx.jpg', '2024-04-04 02:55:44', '2024-04-04 02:55:44'),
(5, 'Nitin chandila', 'coach', 'coach_images/xE6q1k8pvj5l935r1m09eiIWVtwugfz13TsIYCsK.jpg', '2024-04-04 15:40:41', '2024-04-04 15:40:41'),
(6, 'jeet salal', 'Jeet Selal Aesthetics  Jeet Selal is one the most influential fitness professionals', 'coach_images/xik46eQAmKAHQfNOAqHUiXxWQ4ztv4C99vdzMu3B.jpg', '2024-04-04 15:47:03', '2024-04-04 15:47:03'),
(7, 'Harshit', 'A gym is a club, building, or large room, ,where people go to do physical exercise and get fit.', 'coach_images/cyTXtEI16JBYNqnvcvfyTYOMuWYyhWlRxJJuk671.jpg', '2024-04-04 17:32:46', '2024-04-04 19:51:26'),
(9, 'Rajveer Sisodhiya', 'testing', 'coach_images/1vLkEiMoAGRj7HX0Goe5XvEdXYAJZ3L3JaqShvt0.jpg', '2024-04-18 02:38:15', '2024-04-18 02:38:15');

-- --------------------------------------------------------

--
-- Table structure for table `cron_users`
--

CREATE TABLE `cron_users` (
  `id` int(11) NOT NULL,
  `name` varchar(100) NOT NULL,
  `email` varchar(100) NOT NULL,
  `password` varchar(300) NOT NULL,
  `created_at` timestamp NOT NULL DEFAULT current_timestamp(),
  `updated_at` timestamp NULL DEFAULT NULL ON UPDATE current_timestamp()
) ENGINE=InnoDB DEFAULT CHARSET=latin1 COLLATE=latin1_swedish_ci;

--
-- Dumping data for table `cron_users`
--

INSERT INTO `cron_users` (`id`, `name`, `email`, `password`, `created_at`, `updated_at`) VALUES
(1, 'Leanne Graham', 'Sincere@april.biz', '$2y$10$SbW8xj409.uEAKpE1w45OuCVo97HYTd8QbKUzWNpaVhqW6iaCySVe', '2022-07-31 19:02:01', NULL),
(2, 'Ervin Howell', 'Shanna@melissa.tv', '$2y$10$syzALLSjbcr0we.R08z69O1YxhKZOzokDqNaopSnBYRHIvJkRhqrG', '2022-07-31 19:02:01', NULL),
(3, 'Clementine Bauch', 'Nathan@yesenia.net', '$2y$10$WfN6FgBk3blP48r24LjN7OsbjRCxWx0SWcuRjAAZogeorGYorEEQS', '2022-07-31 19:02:01', NULL),
(4, 'Patricia Lebsack', 'Julianne.OConner@kory.org', '$2y$10$rzK71eHbz18mY2w9isYvROuPiSaKBl/dKu2uLNszQ1blpW/OVAKRq', '2022-07-31 19:02:02', NULL),
(5, 'Chelsey Dietrich', 'Lucio_Hettinger@annie.ca', '$2y$10$f1REdQVGpJyswouk2v6KqOtxc37O.O7vieyXj.Qwea3OWqz07OpMu', '2022-07-31 19:02:02', NULL),
(6, 'Mrs. Dennis Schulist', 'Karley_Dach@jasper.info', '$2y$10$17awqZOdWXymnC7wdwZlq.9HHRyRCB5Xpk0eoDTM1oXBZXS5feYVq', '2022-07-31 19:02:02', NULL),
(7, 'Kurtis Weissnat', 'Telly.Hoeger@billy.biz', '$2y$10$nFjjwS0XRjp0sd3L.7S3guwo52sFeOBmPT//8cA7.cY1TjIRv4Ufe', '2022-07-31 19:02:02', NULL),
(8, 'Nicholas Runolfsdottir V', 'Sherwood@rosamond.me', '$2y$10$CCW99WalDWsC95pMAOzZh./joPFj4AVE5QiM.IOCWJFGrKZOTNcie', '2022-07-31 19:02:02', NULL),
(9, 'Glenna Reichert', 'Chaim_McDermott@dana.io', '$2y$10$9HG3kXuy/gkgK.sa5yqBPOllwY48BZZXK76qEf8kwqHxv54JlpTOq', '2022-07-31 19:02:02', NULL),
(10, 'Clementina DuBuque', 'Rey.Padberg@karina.biz', '$2y$10$kBlnSZ9j0zPTIJxjFNq7Z.50RJqa33sXk4XrMRU3ZK1SWJHzczwxu', '2022-07-31 19:02:02', NULL);

-- --------------------------------------------------------

--
-- Table structure for table `employs`
--

CREATE TABLE `employs` (
  `id` int(11) NOT NULL,
  `name` varchar(200) NOT NULL,
  `email` varchar(200) NOT NULL,
  `password` varchar(200) NOT NULL,
  `role_id` int(50) NOT NULL,
  `remember_token` varchar(200) NOT NULL,
  `email_verified_at` varchar(200) NOT NULL,
  `created_at` datetime NOT NULL DEFAULT current_timestamp(),
  `updated_at` datetime NOT NULL DEFAULT current_timestamp()
) ENGINE=InnoDB DEFAULT CHARSET=utf8mb4 COLLATE=utf8mb4_general_ci;

--
-- Dumping data for table `employs`
--

INSERT INTO `employs` (`id`, `name`, `email`, `password`, `role_id`, `remember_token`, `email_verified_at`, `created_at`, `updated_at`) VALUES
(1, 'admin', 'employ@gmail.com', '123456789', 1, '', '', '2021-08-26 18:11:31', '2021-08-26 18:11:31');

-- --------------------------------------------------------

--
-- Table structure for table `exercise`
--

CREATE TABLE `exercise` (
  `id` int(11) NOT NULL,
  `exercise_name` varchar(200) DEFAULT NULL,
  `category_id` varchar(200) DEFAULT NULL,
  `created_at` timestamp NOT NULL DEFAULT current_timestamp(),
  `updated_at` timestamp NOT NULL DEFAULT current_timestamp()
) ENGINE=InnoDB DEFAULT CHARSET=latin1 COLLATE=latin1_swedish_ci;

--
-- Dumping data for table `exercise`
--

INSERT INTO `exercise` (`id`, `exercise_name`, `category_id`, `created_at`, `updated_at`) VALUES
(3, 'Alternating Dumbbell Floor Press', '1', '2022-09-01 09:08:44', '2022-09-01 09:08:44'),
(4, 'Pushup', '1', '2022-09-01 09:08:44', '2022-09-01 09:08:44'),
(6, 'Hand-Release Pushup', '1', '2022-09-01 09:08:45', '2022-09-01 09:08:45'),
(7, 'Lying Overhead Triceps Extension', '1', '2022-09-01 09:08:46', '2022-09-01 09:08:46'),
(8, 'Dumbbell Triceps Kickback', '1', '2022-09-01 09:08:46', '2022-09-01 09:08:46'),
(9, 'Glute bridge', '3', '2022-09-01 09:15:30', '2022-09-01 09:15:30'),
(10, 'Bird-dog', '3', '2022-09-01 09:15:30', '2022-09-01 09:15:30'),
(11, 'Plank', '3', '2022-09-01 09:15:30', '2022-09-01 09:15:30'),
(12, 'Side plank', '3', '2022-09-01 09:15:31', '2022-09-01 09:15:31'),
(14, 'Abdominal crunches', '3', '2022-09-01 09:15:32', '2022-09-01 09:15:32'),
(15, 'Stretching exercises', '3', '2022-09-01 09:15:32', '2022-09-01 09:15:32'),
(16, 'Knee-to-chest stretches', '3', '2022-09-01 09:15:32', '2022-09-01 09:15:32'),
(17, 'Kneeling back stretch', '3', '2022-09-01 09:15:33', '2022-09-01 09:15:33'),
(18, 'Modified seated side straddle', '3', '2022-09-01 09:15:33', '2022-09-01 09:15:33'),
(19, 'Barbell Curls', '1', '2022-09-06 12:25:36', '2022-09-06 12:25:36'),
(20, 'DB Bicep Curls', '1', '2022-09-06 12:26:13', '2022-09-06 12:26:13'),
(21, 'DB Hammer Curls', '1', '2022-09-06 12:26:30', '2022-09-06 12:26:30'),
(22, 'Tricep Bench Dips', '1', '2022-09-06 12:26:56', '2022-09-06 12:26:56'),
(23, 'Cabel Curls', '1', '2022-09-06 12:27:39', '2022-09-06 12:27:39'),
(24, 'Skull Crunchers', '1', '2022-09-06 12:27:59', '2022-09-06 12:27:59'),
(25, 'Reverse Grip Curve Bar PushDowns', '1', '2022-09-06 12:28:33', '2022-09-06 12:28:33'),
(26, 'Ball Crunches', '1', '2022-09-06 12:28:46', '2022-09-06 12:28:46'),
(27, 'Back Extensions', '1', '2022-09-06 12:29:00', '2022-09-06 12:29:00'),
(28, 'Floor Crunches', '1', '2022-09-06 12:29:14', '2022-09-06 12:29:14'),
(29, 'Mission', '5', '2022-09-08 07:30:16', '2022-09-08 07:30:16'),
(30, 'Cable Curts', '2', '2022-09-20 17:24:08', '2022-09-20 17:24:08'),
(31, 'utkak bethek', '3', '2022-09-20 17:24:16', '2022-09-20 17:24:16'),
(32, 'triceps', '4', '2022-09-20 17:24:23', '2022-09-20 17:24:23');

-- --------------------------------------------------------

--
-- Table structure for table `exercise_category`
--

CREATE TABLE `exercise_category` (
  `id` int(11) NOT NULL,
  `category` varchar(200) DEFAULT NULL,
  `created_at` timestamp NOT NULL DEFAULT current_timestamp(),
  `updated_at` timestamp NOT NULL DEFAULT current_timestamp()
) ENGINE=InnoDB DEFAULT CHARSET=latin1 COLLATE=latin1_swedish_ci;

--
-- Dumping data for table `exercise_category`
--

INSERT INTO `exercise_category` (`id`, `category`, `created_at`, `updated_at`) VALUES
(1, 'biceps/triceps', '2022-09-01 08:59:51', '2022-09-01 08:59:51'),
(2, 'shoulders', '2022-09-01 08:59:51', '2022-09-01 08:59:51'),
(3, 'back', '2022-09-01 08:59:52', '2022-09-01 08:59:52'),
(4, 'chest/calves/abs', '2022-09-01 08:59:52', '2022-09-01 08:59:52'),
(5, 'legs', '2022-09-01 08:59:53', '2022-09-01 08:59:53');

-- --------------------------------------------------------

--
-- Table structure for table `failed_jobs`
--

CREATE TABLE `failed_jobs` (
  `id` bigint(20) UNSIGNED NOT NULL,
  `uuid` varchar(255) NOT NULL,
  `connection` text NOT NULL,
  `queue` text NOT NULL,
  `payload` longtext NOT NULL,
  `exception` longtext NOT NULL,
  `failed_at` timestamp NOT NULL DEFAULT current_timestamp()
) ENGINE=InnoDB DEFAULT CHARSET=utf8mb4 COLLATE=utf8mb4_unicode_ci;

-- --------------------------------------------------------

--
-- Table structure for table `honey_option`
--

CREATE TABLE `honey_option` (
  `id` int(11) NOT NULL,
  `user_id` varchar(45) NOT NULL,
  `honey_option` varchar(20) NOT NULL
) ENGINE=InnoDB DEFAULT CHARSET=latin1 COLLATE=latin1_swedish_ci;

--
-- Dumping data for table `honey_option`
--

INSERT INTO `honey_option` (`id`, `user_id`, `honey_option`) VALUES
(1, '1', 'Yes'),
(2, '16', 'Yes'),
(3, '17', 'Yes'),
(4, '31', 'Yes'),
(5, '34', 'Yes'),
(6, '42', 'Yes'),
(7, '42', 'Yes'),
(8, '42', 'Yes'),
(9, '48', 'No'),
(10, '48', 'No'),
(11, '51', 'Yes'),
(12, '52', 'Yes'),
(13, '48', 'Yes'),
(14, '54', 'Yes'),
(15, '54', 'Yes'),
(16, '53', 'Yes'),
(17, '54', 'Yes'),
(18, '21', 'Yes'),
(19, '54', 'Yes'),
(20, '55', 'Yes'),
(21, '56', 'Yes'),
(22, '68', 'Yes'),
(23, '68', 'Yes'),
(24, '70', 'Yes'),
(25, '23', 'Yes'),
(26, '23', 'Yes'),
(27, '23', 'Yes'),
(28, '76', 'Yes'),
(29, '76', 'Yes'),
(30, '77', 'Yes'),
(31, '79', 'Yes'),
(32, '23', 'Yes'),
(33, '84', 'Yes'),
(34, '48', 'Yes'),
(35, '85', 'Yes'),
(36, '87', 'Yes'),
(37, '87', 'Yes'),
(38, '87', 'Yes'),
(39, '87', 'Yes');

-- --------------------------------------------------------

--
-- Table structure for table `meal_plan`
--

CREATE TABLE `meal_plan` (
  `id` int(11) NOT NULL,
  `user_id` int(6) NOT NULL,
  `created_at` timestamp NULL DEFAULT current_timestamp(),
  `updated_at` timestamp NULL DEFAULT NULL ON UPDATE current_timestamp(),
  `meal_1` varchar(500) DEFAULT NULL,
  `meal_2` varchar(500) DEFAULT NULL,
  `meal_3` varchar(500) DEFAULT NULL,
  `meal_4` varchar(500) DEFAULT NULL,
  `meal_5` varchar(500) DEFAULT NULL,
  `meal_6` varchar(500) DEFAULT NULL
) ENGINE=InnoDB DEFAULT CHARSET=latin1 COLLATE=latin1_swedish_ci;

--
-- Dumping data for table `meal_plan`
--

INSERT INTO `meal_plan` (`id`, `user_id`, `created_at`, `updated_at`, `meal_1`, `meal_2`, `meal_3`, `meal_4`, `meal_5`, `meal_6`) VALUES
(1, 1, '2023-03-17 07:26:27', NULL, '93% leaf ground beef (50 Grams) , Ribe Syeteak (50 Grams)', 'Sirloin Steak (50 Grams) , New York Strip Steak (50 Grams) , Salmon (50 Grams)', 'Cottage Cheese (50 Grams) , Chickpeas (50 Grams) , Roughly Cod (50 Grams)', 'Sweet Potato (50 Grams) , Cherries (50 Grams)', 'Peanut Butter (50 Grams) , Brussel Sprouts (50 Grams)', 'Coconut Oil (50 Grams) , Onions (50 Grams)'),
(2, 2, '2023-03-17 07:35:45', '2023-03-17 07:42:41', 'Sesame Oil (100 gm)', 'Hazelnuts (50 gm)', 'Lentils (10 gm)', 'Potato (20 gm)', 'Blueberry (2 pcs)', 'Strawberry (5 pcs)'),
(3, 56, '2023-12-27 07:25:11', NULL, 'Sirloin Steak (9)', 'Sirloin Steak (7)', 'Sirloin Steak (7)', 'Sirloin Steak (7)', 'Avocados (7)', 'Sirloin Steak (7)'),
(4, 69, '2023-12-27 07:27:39', NULL, 'Whey Protein (2)', 'Whey Protein (2)', 'Chickpeas (2)', 'Chickpeas (2)', 'Cottage Cheese (2)', 'Cottage Cheese (2)'),
(5, 70, '2023-12-27 07:49:28', NULL, 'Sirloin Steak (2)', 'Sirloin Steak (2)', 'Brisket (2)', 'Brisket (2)', 'Brisket (2)', 'New York Strip Steak (2)'),
(6, 72, '2024-01-22 17:49:37', NULL, 'Salmon (3)', 'Whey Protein (3)', 'Lentils (3)', 'Whey Protein (4)', 'Potato (4)', 'Brown Rice (4)'),
(7, 75, '2024-02-20 06:51:54', NULL, 'Whey Protein (6)', 'Whey Protein (3)', 'Whey Protein (2)', 'Cottage Cheese (12)', 'Lentils (6)', 'Potato (7)'),
(8, 85, '2024-03-13 06:32:52', '2024-03-22 06:05:53', '93% leaf ground beef (2)', '93% leaf ground beef (2)', 'Sirloin Steak (2)', 'Sirloin Steak (2)', 'Roast (2 gm)', 'Brisket (2 gm)'),
(9, 81, '2024-03-22 06:26:25', '2024-03-23 14:00:11', 'Salmon (10gm) , Potato (10gm) , Blueberry (10gm)', 'Pistachios (10gm) , Blueberry (10gm)', 'Pistachios (10gm) , Banana (10gm)', 'Pistachios (10gm) , Banana (10gm)', 'Blueberry (10gm) , Watermelon (10gm)', 'Potato (10gm) , Blueberry (10gm)');

-- --------------------------------------------------------

--
-- Table structure for table `meal_plan_answer_one`
--

CREATE TABLE `meal_plan_answer_one` (
  `id` int(11) NOT NULL,
  `user_id` varchar(200) DEFAULT NULL,
  `question_one` varchar(200) DEFAULT NULL,
  `answer_one` varchar(200) DEFAULT NULL,
  `question_two` varchar(200) DEFAULT NULL,
  `answer_two` varchar(200) DEFAULT NULL,
  `question_three` varchar(200) DEFAULT NULL,
  `answer_three` varchar(200) DEFAULT NULL,
  `question_four` varchar(200) DEFAULT NULL,
  `answer_four` varchar(200) DEFAULT NULL,
  `created_at` timestamp NOT NULL DEFAULT current_timestamp(),
  `updated_at` timestamp NULL DEFAULT NULL ON UPDATE current_timestamp()
) ENGINE=InnoDB DEFAULT CHARSET=latin1 COLLATE=latin1_swedish_ci;

--
-- Dumping data for table `meal_plan_answer_one`
--

INSERT INTO `meal_plan_answer_one` (`id`, `user_id`, `question_one`, `answer_one`, `question_two`, `answer_two`, `question_three`, `answer_three`, `question_four`, `answer_four`, `created_at`, `updated_at`) VALUES
(1, '1', '1', 'Build muscle', '2', 'beginner', '3', 'morning', '4', '2', '2022-07-19 08:03:02', NULL),
(2, '1', '1', 'Build muscle', '2', 'beginner', '3', 'morning', '4', '2', '2022-07-19 08:08:42', NULL),
(3, '1', '1', 'Build muscle', '2', 'beginner', '3', 'morning', '4', '2', '2022-07-20 07:01:24', NULL);

-- --------------------------------------------------------

--
-- Table structure for table `meal_plan_question_one`
--

CREATE TABLE `meal_plan_question_one` (
  `id` int(11) NOT NULL,
  `question` varchar(200) NOT NULL,
  `created_at` timestamp NOT NULL DEFAULT current_timestamp(),
  `updated_at` timestamp NULL DEFAULT NULL ON UPDATE current_timestamp()
) ENGINE=InnoDB DEFAULT CHARSET=latin1 COLLATE=latin1_swedish_ci;

--
-- Dumping data for table `meal_plan_question_one`
--

INSERT INTO `meal_plan_question_one` (`id`, `question`, `created_at`, `updated_at`) VALUES
(1, 'What is your goal', '2022-07-19 06:54:58', NULL),
(2, 'Fitness Experience Level', '2022-07-19 06:54:58', NULL),
(3, 'What time do you work out', '2022-07-19 06:55:52', NULL),
(4, 'How many times a week do you workout', '2022-07-19 06:55:52', NULL);

-- --------------------------------------------------------

--
-- Table structure for table `meal_request`
--

CREATE TABLE `meal_request` (
  `id` int(11) NOT NULL,
  `user_id` varchar(45) NOT NULL,
  `requested_on` timestamp NOT NULL DEFAULT current_timestamp() ON UPDATE current_timestamp(),
  `created_at` timestamp NOT NULL DEFAULT current_timestamp(),
  `updated_at` timestamp NULL DEFAULT NULL ON UPDATE current_timestamp()
) ENGINE=InnoDB DEFAULT CHARSET=latin1 COLLATE=latin1_swedish_ci;

--
-- Dumping data for table `meal_request`
--

INSERT INTO `meal_request` (`id`, `user_id`, `requested_on`, `created_at`, `updated_at`) VALUES
(1, '2', '2023-03-29 07:35:00', '2023-03-29 20:05:00', '2023-03-29 07:35:00'),
(2, '1', '2023-03-17 07:41:12', '2023-03-17 20:11:12', NULL),
(3, '23', '2023-06-15 19:38:44', '2023-06-16 08:08:44', NULL),
(4, '53', '2023-08-24 11:19:27', '2023-08-24 23:49:27', NULL),
(5, '54', '2024-04-17 09:49:51', '2024-04-17 22:19:51', '2024-04-17 09:49:51'),
(6, '60', '2023-12-22 11:29:48', '2023-12-22 23:59:48', NULL),
(7, '69', '2023-12-26 05:09:19', '2023-12-26 17:39:19', NULL),
(8, '56', '2023-12-27 07:24:10', '2023-12-27 19:54:10', '2023-12-27 07:24:10'),
(9, '70', '2023-12-27 07:49:09', '2023-12-27 20:19:09', NULL),
(10, '72', '2024-01-22 17:43:33', '2024-01-23 06:13:33', '2024-01-22 17:43:33'),
(11, '75', '2024-02-20 06:52:01', '2024-02-20 19:22:01', NULL),
(12, '79', '2024-02-22 04:34:34', '2024-02-22 17:04:34', NULL),
(13, '85', '2024-03-13 06:29:27', '2024-03-13 18:59:27', NULL),
(14, '88', '2024-03-15 09:42:21', '2024-03-15 22:12:21', '2024-03-15 09:42:21'),
(15, '81', '2024-03-22 06:13:44', '2024-03-22 18:43:44', '2024-03-22 06:13:44'),
(16, '48', '2024-03-26 12:32:39', '2024-03-27 01:02:39', NULL);

-- --------------------------------------------------------

--
-- Table structure for table `migrations`
--

CREATE TABLE `migrations` (
  `id` int(10) UNSIGNED NOT NULL,
  `migration` varchar(255) NOT NULL,
  `batch` int(11) NOT NULL
) ENGINE=InnoDB DEFAULT CHARSET=utf8mb4 COLLATE=utf8mb4_unicode_ci;

--
-- Dumping data for table `migrations`
--

INSERT INTO `migrations` (`id`, `migration`, `batch`) VALUES
(1, '2014_10_12_100000_create_password_resets_table', 1),
(2, '2019_08_19_000000_create_failed_jobs_table', 1),
(3, '2019_12_14_000001_create_personal_access_tokens_table', 1),
(4, '2024_03_18_163933_create_notifications_table', 1),
(5, '2024_04_03_095637_create_coaches_table', 2),
(6, '2024_04_03_095917_add_coach_id_to_tbl_users_table', 3);

-- --------------------------------------------------------

--
-- Table structure for table `monthly_checks`
--

CREATE TABLE `monthly_checks` (
  `id` int(11) NOT NULL,
  `user_id` varchar(200) DEFAULT NULL,
  `front_shot` varchar(200) DEFAULT NULL,
  `back_shot` varchar(200) DEFAULT NULL,
  `weight` varchar(200) DEFAULT NULL,
  `waist` varchar(200) DEFAULT NULL,
  `left_arm` varchar(200) DEFAULT NULL,
  `right_arm` varchar(200) DEFAULT NULL,
  `left_quad` varchar(200) DEFAULT NULL,
  `right_quad` varchar(200) DEFAULT NULL,
  `comments` varchar(200) DEFAULT NULL,
  `question` varchar(200) DEFAULT NULL,
  `created_at` timestamp NOT NULL DEFAULT current_timestamp(),
  `updated_at` timestamp NULL DEFAULT NULL ON UPDATE current_timestamp()
) ENGINE=InnoDB DEFAULT CHARSET=latin1 COLLATE=latin1_swedish_ci;

--
-- Dumping data for table `monthly_checks`
--

INSERT INTO `monthly_checks` (`id`, `user_id`, `front_shot`, `back_shot`, `weight`, `waist`, `left_arm`, `right_arm`, `left_quad`, `right_quad`, `comments`, `question`, `created_at`, `updated_at`) VALUES
(2, '1', 'https://securityoncalls.com/projects/brad/public/uploads/frontshot/1679038226.jpg', 'https://securityoncalls.com/projects/brad/public/uploads/backshot/1679932593.jpg', '55', '40', '19', '19', '23', '24', 'Nothing right now', 'noo', '2023-04-17 07:30:26', '2023-03-27 16:10:22'),
(3, '1', 'https://securityoncalls.com/projects/brad/public/uploads/frontshot/1679038226.jpg', 'https://securityoncalls.com/projects/brad/public/uploads/backshot/1679038226.png', '52', '32', '16', '16', '20', '20', 'Nothing right now', 'noo', '2023-05-17 07:30:26', NULL),
(4, '1', 'https://securityoncalls.com/projects/brad/public/uploads/frontshot/1679038226.jpg', 'https://securityoncalls.com/projects/brad/public/uploads/backshot/1679038226.png', '52', '32', '10', '10', '22', '20', 'Nothing right now', 'noo', '2023-06-17 07:30:26', NULL),
(5, '1', 'https://securityoncalls.com/projects/brad/public/uploads/frontshot/1679038226.jpg', 'https://securityoncalls.com/projects/brad/public/uploads/backshot/1679038226.png', '60', '55', '20', '20', '22', '30', 'Nothing right now', 'noo', '2023-07-17 07:30:26', NULL),
(6, '1', 'https://securityoncalls.com/projects/brad/public/uploads/frontshot/1679038226.jpg', 'https://securityoncalls.com/projects/brad/public/uploads/backshot/1679038226.png', '55', '37', '19', '19', '23', '24', 'Nothing right now', 'noo', '2023-08-17 07:30:26', NULL),
(7, '2', 'https://securityoncalls.com/projects/brad/public/uploads/frontshot/1680101785.jpg', 'https://securityoncalls.com/projects/brad/public/uploads/backshot/1680101785.jpg', '78', '50', '33', '35', '34', '36', 'I have  more weight', 'Within 10 days', '2023-03-17 08:06:06', '2023-03-29 14:56:25'),
(8, '2', 'https://securityoncalls.com/projects/brad/public/uploads/frontshot/1679038226.jpg', 'https://securityoncalls.com/projects/brad/public/uploads/backshot/1679933684.jpg', '55', '35', '14', '18', '22', '22', 'Nothing right now updated', 'noo updated', '2023-04-17 07:30:26', '2023-03-27 16:14:44'),
(9, '2', 'https://securityoncalls.com/projects/brad/public/uploads/frontshot/1679038226.jpg', 'https://securityoncalls.com/projects/brad/public/uploads/backshot/1679038226.png', '55', '35', '14', '14', '25', '25', 'Nothing right now', 'noo', '2023-05-17 07:30:26', NULL),
(10, '2', 'https://securityoncalls.com/projects/brad/public/uploads/frontshot/1679038226.jpg', 'https://securityoncalls.com/projects/brad/public/uploads/backshot/1679038226.png', '52', '32', '16', '16', '20', '20', 'Nothing right now', 'noo', '2023-06-17 07:30:26', NULL),
(11, '2', 'https://securityoncalls.com/projects/brad/public/uploads/frontshot/1679038226.jpg', 'https://securityoncalls.com/projects/brad/public/uploads/backshot/1679038226.png', '52', '32', '10', '10', '22', '20', 'Nothing right now', 'noo', '2023-07-17 07:30:26', NULL),
(12, '2', 'https://securityoncalls.com/projects/brad/public/uploads/frontshot/1679038226.jpg', 'https://securityoncalls.com/projects/brad/public/uploads/backshot/1679038226.png', '60', '55', '20', '20', '22', '30', 'Nothing right now', 'noo', '2023-08-17 07:30:26', NULL),
(13, '2', 'https://securityoncalls.com/projects/brad/public/uploads/frontshot/1679984592.jpg', 'https://securityoncalls.com/projects/brad/public/uploads/backshot/1679984592.jpg', '55', '37', '19', '19', '23', '24', 'Nothing right now', 'noo', '2023-09-17 07:30:26', '2023-03-28 06:23:12'),
(14, '1', 'https://securityoncalls.com/projects/brad/public/uploads/frontshot/1680077476.jpg', 'https://securityoncalls.com/projects/brad/public/uploads/backshot/1680077439.jpg', '55', '38', '15', '18', '12', '14', 'no comments', 'no question', '2023-03-29 08:10:39', '2023-03-29 08:11:16'),
(15, '2', 'https://securityoncalls.com/projects/brad/public/uploads/frontshot/1680078822.jpg', 'https://securityoncalls.com/projects/brad/public/uploads/backshot/1680078822.png', '55', '55', '15', '15', '20', '20', 'No comments', 'No questions', '2023-02-09 20:57:30', '2023-03-29 08:33:42'),
(16, '42', 'https://securityoncalls.com/projects/brad/public/uploads/frontshot/1692351309.jpg', 'https://securityoncalls.com/projects/brad/public/uploads/backshot/1692351309.jpg', '120', '12', '12', '12', '12', '12', 'New', 'Nothing', '2023-08-18 09:35:09', NULL),
(17, '54', 'http://securityoncalls.com/projects/brad/public/uploads/frontshot/1703071842.png', 'http://securityoncalls.com/projects/brad/public/uploads/backshot/1703071842.png', '1', '1', '1', '1', '1', '1', 'hehe', 'rhhee', '2023-12-20 11:30:42', NULL),
(18, '68', 'http://securityoncalls.com/projects/brad/public/uploads/frontshot/1703073534.jpg', 'http://securityoncalls.com/projects/brad/public/uploads/backshot/1703073534.jpg', '160', '5', '16', '16', '16', '46', 'test', 'test', '2023-12-20 11:58:54', NULL),
(19, '69', 'https://securityoncalls.com/projects/brad/public/uploads/frontshot/1703244494.jpg', 'https://securityoncalls.com/projects/brad/public/uploads/backshot/1703244494.jpg', '78', '54', '56', '32', '89', '98', 'yes', 'yes', '2023-12-22 11:28:14', NULL),
(20, '72', 'https://securityoncalls.com/projects/brad/public/uploads/frontshot/1705906893.jpg', 'https://securityoncalls.com/projects/brad/public/uploads/backshot/1705906893.jpg', '56', '67', '45', '34', '46', '35', 'no', 'na', '2024-01-22 07:01:33', NULL),
(21, '81', 'https://securityoncalls.com/projects/brad/public/uploads/frontshot/1709281677.jpg', 'https://securityoncalls.com/projects/brad/public/uploads/backshot/1709281677.jpg', '63', '56', '45', '45', '67', '87', 'no', 'no', '2024-03-01 08:27:57', NULL),
(22, '85', 'http://securityoncalls.com/projects/brad/public/uploads/frontshot/1710313529.jpg', 'http://securityoncalls.com/projects/brad/public/uploads/backshot/1710313529.jpg', '70', '38', '20', '20', '20', '20', 'TEST', 'TEST', '2024-03-13 07:05:29', NULL),
(23, '70', 'https://securityoncalls.com/projects/brad/public/uploads/frontshot/1710872944.jpg', 'https://securityoncalls.com/projects/brad/public/uploads/backshot/1710872944.jpg', '65', '34', '30', '30', '30', '30', 'No', 'No', '2024-03-19 18:29:04', NULL);

-- --------------------------------------------------------

--
-- Table structure for table `notifications`
--

CREATE TABLE `notifications` (
  `id` char(36) NOT NULL,
  `type` varchar(255) NOT NULL,
  `notifiable_type` varchar(255) NOT NULL,
  `notifiable_id` bigint(20) UNSIGNED NOT NULL,
  `data` text NOT NULL,
  `read_at` timestamp NULL DEFAULT NULL,
  `created_at` timestamp NULL DEFAULT NULL,
  `updated_at` timestamp NULL DEFAULT NULL
) ENGINE=InnoDB DEFAULT CHARSET=utf8mb4 COLLATE=utf8mb4_unicode_ci;

-- --------------------------------------------------------

--
-- Table structure for table `options`
--

CREATE TABLE `options` (
  `id` int(11) NOT NULL,
  `question_id` int(11) NOT NULL,
  `options` varchar(2000) NOT NULL,
  `page_no` int(11) NOT NULL,
  `created_at` timestamp NOT NULL DEFAULT current_timestamp(),
  `updated_at` timestamp NULL DEFAULT NULL ON UPDATE current_timestamp()
) ENGINE=InnoDB DEFAULT CHARSET=utf8mb4 COLLATE=utf8mb4_general_ci;

--
-- Dumping data for table `options`
--

INSERT INTO `options` (`id`, `question_id`, `options`, `page_no`, `created_at`, `updated_at`) VALUES
(1, 1, 'Weight Loss', 1, '2022-07-20 16:21:49', '2022-08-16 12:52:24'),
(2, 1, 'Build Muscle', 1, '2022-07-20 16:22:06', '2022-08-16 12:52:24'),
(3, 2, 'Beginner', 1, '2022-07-20 16:22:25', '2022-08-16 13:24:43'),
(4, 2, 'Intermediate', 1, '2022-07-20 16:22:37', '2022-08-16 13:24:43'),
(5, 3, 'Morning', 0, '2022-07-24 04:42:59', '2022-08-16 15:04:23'),
(6, 3, 'Afternoon', 1, '2022-07-24 04:42:59', '2022-08-16 15:04:23'),
(7, 3, 'Night', 1, '2022-07-24 04:42:59', '2022-08-16 15:04:24'),
(13, 5, '93% leaf ground beef', 2, '2022-07-24 04:45:25', '2022-08-16 15:09:09'),
(14, 5, 'Sirloin Steak', 2, '2022-07-24 04:45:25', '2022-08-16 15:09:10'),
(15, 5, 'Ribe Syeteak', 2, '2022-07-24 04:45:25', '2022-08-16 15:09:47'),
(16, 5, 'New York Strip Steak', 2, '2022-07-24 04:45:25', '2022-08-16 15:09:48'),
(17, 6, 'Avocados', 2, '2022-07-24 04:46:21', '2023-08-24 11:11:33'),
(18, 6, 'Peas', 2, '2022-07-24 04:46:21', '2023-08-24 11:11:37'),
(19, 6, 'Kidney Beans', 2, '2022-07-24 04:46:21', '2023-08-24 11:11:55'),
(20, 6, 'Apricots', 2, '2022-07-24 04:46:21', '2023-08-24 11:12:02'),
(21, 7, 'Coconut Milk', 2, '2022-07-24 04:47:45', '2023-03-29 08:45:37'),
(22, 7, 'Rice Milk', 2, '2022-07-24 04:47:45', '2023-03-29 08:45:48'),
(23, 7, 'Soya Milk', 2, '2022-07-24 04:47:45', '2023-03-29 08:45:58'),
(24, 7, 'Oat Milk', 2, '2022-07-24 04:47:45', '2023-03-29 08:46:04'),
(25, 8, 'Salmon', 3, '2022-07-24 04:49:07', '2022-08-16 13:58:01'),
(26, 8, 'Whey Protein', 3, '2022-07-24 04:49:07', '2022-08-16 13:58:02'),
(27, 8, 'Cottage Cheese', 3, '2022-07-24 04:49:07', '2022-08-16 13:58:02'),
(28, 8, 'Lentils', 3, '2022-07-24 04:49:07', '2022-08-16 13:58:03'),
(29, 9, 'Potato', 3, '2022-07-24 04:50:44', '2022-08-16 14:01:56'),
(30, 9, 'Cottage Cheese', 3, '2022-07-24 04:50:44', '2022-08-16 14:02:51'),
(31, 9, 'Brown Rice', 3, '2022-07-24 04:50:44', '2022-08-16 14:02:22'),
(32, 9, 'Lentils', 3, '2022-07-24 04:50:44', '2022-08-16 14:03:12'),
(33, 10, 'Pistachios', 3, '2022-07-24 04:52:05', '2022-08-16 14:21:59'),
(34, 10, 'Sesame Oil', 3, '2022-07-24 04:52:05', '2022-08-16 14:21:59'),
(35, 10, 'Almond Butter', 3, '2022-07-24 04:52:05', '2022-08-16 14:22:40'),
(36, 10, 'Hazelnuts', 3, '2022-07-24 04:52:05', '2022-08-16 14:22:40'),
(37, 11, 'Blueberry', 3, '2022-07-24 04:53:01', '2022-07-24 06:04:31'),
(38, 11, 'Raspberry', 3, '2022-07-24 04:53:01', '2022-07-24 06:04:31'),
(39, 11, 'Blackberry', 3, '2022-07-24 04:53:01', '2022-07-24 06:04:31'),
(40, 11, 'Strawberry', 3, '2022-07-24 04:53:01', '2022-08-16 14:36:11'),
(41, 12, 'Apple', 3, '2022-07-24 04:53:52', '2022-08-16 14:38:55'),
(42, 12, 'Banana', 3, '2022-07-24 04:53:52', '2022-08-16 14:38:55'),
(43, 12, 'Grapefruit', 3, '2022-07-24 04:53:52', '2022-07-24 06:04:31'),
(44, 12, 'Watermelon', 3, '2022-07-24 04:53:52', '2022-08-16 14:38:55'),
(45, 13, 'Kale', 3, '2022-07-24 04:54:49', '2022-08-16 14:43:56'),
(46, 13, 'Cucumber', 3, '2022-07-24 04:54:49', '2022-08-16 14:43:56'),
(47, 13, 'Brussel Sprouts', 3, '2022-07-24 04:54:49', '2022-08-16 14:43:57'),
(48, 13, 'Zucchini', 3, '2022-07-24 04:54:49', '2022-08-16 14:43:57'),
(49, 17, 'Yes', 2, '2022-07-25 13:40:56', NULL),
(50, 17, 'Yes', 2, '2022-07-25 13:40:56', NULL),
(52, 0, '1', 0, '2022-08-16 12:54:18', NULL),
(53, 1, 'Build & Tone', 1, '2022-08-16 12:54:43', NULL),
(54, 1, 'Optimal Health', 1, '2022-08-16 13:02:37', NULL),
(55, 1, 'Sports Performance', 1, '2022-08-16 13:15:14', NULL),
(56, 1, 'Contest Prep', 1, '2022-08-16 13:15:59', NULL),
(57, 2, 'Experienced', 1, '2022-08-16 13:21:46', NULL),
(58, 2, 'Seasoned Athlete', 1, '2022-08-16 13:22:35', NULL),
(59, 4, '8+( 2x a day or more', 1, '2022-08-16 13:27:58', NULL),
(60, 4, '1', 1, '2022-08-16 13:29:24', NULL),
(61, 4, '2', 1, '2022-08-16 13:29:24', '2022-08-16 13:30:50'),
(62, 4, '3', 1, '2022-08-16 13:29:24', '2022-08-16 13:30:50'),
(63, 4, '4', 1, '2022-08-16 13:29:25', '2022-08-16 13:30:50'),
(64, 4, '5', 1, '2022-08-16 13:29:25', '2022-08-16 13:30:51'),
(65, 4, '6', 1, '2022-08-16 13:29:25', '2022-08-16 13:30:51'),
(66, 4, '7', 1, '2022-08-16 13:29:25', '2022-08-16 13:30:52'),
(67, 8, 'Chickpeas', 3, '2022-08-16 13:56:06', NULL),
(68, 8, 'Plain Greek Yogurt', 3, '2022-08-16 13:56:06', NULL),
(69, 8, 'Bison', 3, '2022-08-16 13:56:07', NULL),
(70, 8, 'Tofu', 3, '2022-08-16 13:56:07', NULL),
(71, 8, 'Roughly Cod', 3, '2022-08-16 13:56:07', NULL),
(72, 8, 'Egg Whites', 3, '2022-08-16 13:56:07', NULL),
(73, 8, 'Vension', 3, '2022-08-16 13:56:07', NULL),
(74, 8, 'Temppeh', 3, '2022-08-16 13:56:08', NULL),
(75, 8, 'Crab', 3, '2022-08-16 13:56:08', NULL),
(76, 8, 'Clam', 3, '2022-08-16 13:56:08', NULL),
(77, 8, 'Tilapia', 3, '2022-08-16 13:56:08', NULL),
(78, 8, 'Turkey', 3, '2022-08-16 13:56:09', NULL),
(79, 8, 'Soy Nuts', 3, '2022-08-16 13:56:09', NULL),
(80, 8, 'Scitan', 3, '2022-08-16 13:56:09', NULL),
(81, 8, 'Chicken', 3, '2022-08-16 13:56:09', NULL),
(82, 8, 'Shrimp', 3, '2022-08-16 13:56:09', NULL),
(83, 8, 'Tuna', 3, '2022-08-16 13:56:10', NULL),
(84, 8, 'Pork', 3, '2022-08-16 13:56:10', NULL),
(85, 9, 'All Bran Cereal', 3, '2022-08-16 14:18:15', NULL),
(86, 9, 'Wheat Pasta', 3, '2022-08-16 14:18:16', NULL),
(87, 9, 'Jasmine Rice', 3, '2022-08-16 14:18:16', NULL),
(88, 9, 'Oats', 3, '2022-08-16 14:18:16', NULL),
(89, 9, 'Sweet Potato', 3, '2022-08-16 14:18:16', NULL),
(90, 9, 'Spaghetti Squash', 3, '2022-08-16 14:18:16', NULL),
(91, 9, 'Quinoa', 3, '2022-08-16 14:18:17', NULL),
(92, 9, 'Barley', 3, '2022-08-16 14:18:17', NULL),
(93, 9, 'Cream of Rice', 3, '2022-08-16 14:18:17', NULL),
(94, 9, '100% Whole Wheat Tortilla', 3, '2022-08-16 14:18:17', NULL),
(95, 9, 'Cream of Wheat', 3, '2022-08-16 14:18:18', NULL),
(96, 9, '100% Whole Wheat Bread', 3, '2022-08-16 14:18:18', NULL),
(97, 10, 'Macadamias', 3, '2022-08-16 14:34:19', NULL),
(98, 10, 'Cashews', 3, '2022-08-16 14:34:19', NULL),
(99, 10, 'Peanut Butter', 3, '2022-08-16 14:34:19', NULL),
(100, 10, 'Cashew Butter', 3, '2022-08-16 14:34:19', NULL),
(101, 10, 'Coconut Oil', 3, '2022-08-16 14:34:20', NULL),
(102, 10, 'Pumpkin Seeds', 3, '2022-08-16 14:34:20', NULL),
(103, 10, 'Pecans', 3, '2022-08-16 14:34:20', NULL),
(104, 10, 'Walnuts', 3, '2022-08-16 14:34:20', NULL),
(105, 10, 'Olive Oil', 3, '2022-08-16 14:34:21', NULL),
(106, 10, 'Grass Fed Butter', 3, '2022-08-16 14:34:21', NULL),
(107, 10, 'Avacado', 3, '2022-08-16 14:34:21', NULL),
(108, 10, 'Flaxseed Oil', 3, '2022-08-16 14:34:21', NULL),
(109, 10, 'Peanuts', 3, '2022-08-16 14:34:22', NULL),
(110, 10, 'Almonds', 3, '2022-08-16 14:34:22', NULL),
(111, 11, 'Acalberry', 3, '2022-08-16 14:36:54', NULL),
(112, 12, 'Cherries', 3, '2022-08-16 14:40:39', NULL),
(113, 12, 'Grapes', 3, '2022-08-16 14:40:39', NULL),
(114, 13, 'Onions', 3, '2022-08-16 14:47:04', NULL),
(115, 13, 'Bell Peppers', 3, '2022-08-16 14:47:04', NULL),
(116, 13, 'Celery', 3, '2022-08-16 14:47:04', NULL),
(117, 13, 'Mushrooms', 3, '2022-08-16 14:47:04', NULL),
(118, 13, 'Broccoli', 3, '2022-08-16 14:47:05', NULL),
(119, 13, 'Cabbage', 3, '2022-08-16 14:47:05', NULL),
(120, 13, 'Tomato', 3, '2022-08-16 14:47:05', NULL),
(121, 13, 'Green Beans', 3, '2022-08-16 14:47:05', NULL),
(122, 13, 'Asparagus', 3, '2022-08-16 14:47:05', NULL),
(123, 13, 'Cauliflower', 3, '2022-08-16 14:47:06', NULL),
(124, 13, 'Carrots', 3, '2022-08-16 14:47:06', NULL),
(125, 13, 'Egg Plant', 3, '2022-08-16 14:47:06', NULL),
(126, 13, 'Snow Peas', 3, '2022-08-16 14:47:06', NULL),
(127, 13, 'Lettuce', 3, '2022-08-16 14:47:07', NULL),
(128, 13, 'Okra', 3, '2022-08-16 14:47:07', NULL),
(129, 13, 'Spinach', 3, '2022-08-16 14:47:07', NULL),
(130, 5, 'Brisket', 2, '2022-08-16 15:11:48', NULL),
(131, 5, 'Roast', 2, '2022-08-16 15:11:48', NULL),
(132, 5, 'Bison Burger', 2, '2022-08-16 15:11:49', NULL),
(133, 5, 'Chicken', 2, '2022-08-16 15:11:49', NULL),
(134, 5, 'Turkey', 2, '2022-08-16 15:11:49', NULL),
(135, 5, 'Thick Cut Bacon', 2, '2022-08-16 15:11:49', NULL),
(136, 5, 'Eggs', 2, '2022-08-16 15:11:50', NULL),
(148, 6, 'Asparagus', 2, '2022-08-16 15:15:51', '2023-08-24 11:13:09'),
(149, 6, 'Alfalfa sprouts', 2, '2022-08-16 15:15:51', '2023-08-24 11:12:58'),
(150, 6, 'Watercress', 2, '2022-08-16 15:15:51', '2023-08-24 11:13:35'),
(151, 6, 'Spinach', 2, '2022-08-16 15:15:51', '2023-08-24 11:13:51'),
(152, 6, 'Mustard greens', 2, '2022-08-16 15:15:51', '2023-08-24 11:14:13'),
(153, 6, 'Broccoli', 2, '2022-08-16 15:15:52', '2023-08-24 11:14:31'),
(154, 6, 'Cauliflower', 2, '2022-08-16 15:15:52', '2023-08-24 11:14:43'),
(162, 7, 'Cow Milk', 2, '2022-07-24 04:47:45', '2023-03-29 08:45:37');

-- --------------------------------------------------------

--
-- Table structure for table `password_resets`
--

CREATE TABLE `password_resets` (
  `email` varchar(255) NOT NULL,
  `token` varchar(255) NOT NULL,
  `created_at` timestamp NULL DEFAULT NULL
) ENGINE=InnoDB DEFAULT CHARSET=utf8mb4 COLLATE=utf8mb4_unicode_ci;

-- --------------------------------------------------------

--
-- Table structure for table `personal_access_tokens`
--

CREATE TABLE `personal_access_tokens` (
  `id` bigint(20) UNSIGNED NOT NULL,
  `tokenable_type` varchar(255) NOT NULL,
  `tokenable_id` bigint(20) UNSIGNED NOT NULL,
  `name` varchar(255) NOT NULL,
  `token` varchar(64) NOT NULL,
  `abilities` text DEFAULT NULL,
  `last_used_at` timestamp NULL DEFAULT NULL,
  `created_at` timestamp NULL DEFAULT NULL,
  `updated_at` timestamp NULL DEFAULT NULL
) ENGINE=InnoDB DEFAULT CHARSET=utf8mb4 COLLATE=utf8mb4_unicode_ci;

-- --------------------------------------------------------

--
-- Table structure for table `plans`
--

CREATE TABLE `plans` (
  `id` int(11) NOT NULL,
  `name` varchar(200) DEFAULT NULL,
  `image` varchar(200) DEFAULT NULL,
  `price` varchar(200) DEFAULT NULL,
  `validity` varchar(200) DEFAULT NULL,
  `created_at` timestamp NULL DEFAULT current_timestamp(),
  `updated_at` timestamp NULL DEFAULT NULL ON UPDATE current_timestamp(),
  `status` tinyint(1) NOT NULL
) ENGINE=InnoDB DEFAULT CHARSET=latin1 COLLATE=latin1_swedish_ci;

--
-- Dumping data for table `plans`
--

INSERT INTO `plans` (`id`, `name`, `image`, `price`, `validity`, `created_at`, `updated_at`, `status`) VALUES
(1, '4 Months Coaching Plan', 'http://beautyliciousnj.com/brad/public/uploads/plans/1657860752.jpg', '260', '4', '2022-07-15 11:52:32', '2022-10-14 08:12:10', 0),
(2, '12 months coaching plan', 'http://beautyliciousnj.com/brad/public/uploads/plans/1657860793.jpg', '600', '12', '2022-07-15 11:53:13', '2022-10-14 21:12:46', 0);

-- --------------------------------------------------------

--
-- Table structure for table `plan_history`
--

CREATE TABLE `plan_history` (
  `id` int(11) NOT NULL,
  `user_id` varchar(45) DEFAULT NULL,
  `plan_id` varchar(45) DEFAULT NULL,
  `created_at` timestamp NOT NULL DEFAULT current_timestamp(),
  `updated_at` timestamp NULL DEFAULT NULL ON UPDATE current_timestamp(),
  `isActive` varchar(100) NOT NULL,
  `isCancelled` varchar(100) DEFAULT '0',
  `valid_upto` timestamp NULL DEFAULT NULL
) ENGINE=InnoDB DEFAULT CHARSET=latin1 COLLATE=latin1_swedish_ci;

--
-- Dumping data for table `plan_history`
--

INSERT INTO `plan_history` (`id`, `user_id`, `plan_id`, `created_at`, `updated_at`, `isActive`, `isCancelled`, `valid_upto`) VALUES
(1, '2', '2', '2023-03-17 08:48:58', '2023-06-16 10:31:23', '1', '0', '2023-05-01 21:18:44');

-- --------------------------------------------------------

--
-- Table structure for table `plan_styles`
--

CREATE TABLE `plan_styles` (
  `id` int(11) NOT NULL,
  `plan_name` varchar(200) NOT NULL,
  `description` varchar(1000) DEFAULT NULL,
  `created_at` timestamp NOT NULL DEFAULT current_timestamp(),
  `updated_at` timestamp NULL DEFAULT NULL ON UPDATE current_timestamp()
) ENGINE=InnoDB DEFAULT CHARSET=utf8mb4 COLLATE=utf8mb4_general_ci;

--
-- Dumping data for table `plan_styles`
--

INSERT INTO `plan_styles` (`id`, `plan_name`, `description`, `created_at`, `updated_at`) VALUES
(1, 'Animal Based Plan', 'animal based plan contains flesh', '2022-07-22 10:04:49', NULL),
(2, 'Carb Based Plan', 'Carb is totally veg plan', '2022-07-22 10:04:49', NULL);

-- --------------------------------------------------------

--
-- Table structure for table `professionals`
--

CREATE TABLE `professionals` (
  `id` int(11) NOT NULL,
  `professional_id` varchar(200) DEFAULT NULL,
  `name` varchar(200) DEFAULT NULL,
  `email` varchar(200) DEFAULT NULL,
  `mobile` varchar(200) DEFAULT NULL,
  `password` varchar(200) DEFAULT NULL,
  `address` varchar(200) DEFAULT NULL,
  `remember_token` varchar(200) DEFAULT NULL,
  `status` varchar(200) DEFAULT NULL,
  `image` varchar(200) DEFAULT NULL,
  `created_at` datetime NOT NULL DEFAULT current_timestamp(),
  `updated_at` datetime NOT NULL DEFAULT current_timestamp()
) ENGINE=InnoDB DEFAULT CHARSET=utf8mb4 COLLATE=utf8mb4_general_ci;

--
-- Dumping data for table `professionals`
--

INSERT INTO `professionals` (`id`, `professional_id`, `name`, `email`, `mobile`, `password`, `address`, `remember_token`, `status`, `image`, `created_at`, `updated_at`) VALUES
(1, 'PDI4611', 'saif khan', 'asdasdasd@gmail.com', '9856655458', '1234565675', 'lko', 'zCFFiZf6mRfUwH7bZUUvXwuNaWBm59nFr34bIWShHaL0aZcFcz', '0', 'http://localhost/laravelproject/public/uploads/professional/dummy.jpeg', '2022-04-02 14:47:37', '2022-07-27 12:26:56'),
(2, 'PDI-3693', 'meinhause', '1233@gmail.com', '9898877888', '123', 'india', 'bvvPkUSv470vFeB7dJK6P5ezFY1vkYlKOW1kcAVVBfaHjUQyMp', '1', 'http://localhost/laravelproject/public/uploads/professional/dummy.jpeg', '2022-04-09 20:42:00', '2022-07-29 12:53:42'),
(4, 'PDI-3798', 'juhi', 'jatinhitman000@gmail.com', '8988877888', '1231231', 'india', 'WthdY38MT9FcC9OvzJyRhg05JVzzGpBTVU3vQMmgsR1utUo1Bt', '0', 'http://localhost/laravelproject/public/uploads/professional/1649621675.jpg', '2022-04-05 20:14:35', '2022-07-27 12:26:52'),
(5, 'PDI-2140', 'mohan', 'saifthegame000sdfsdf@gmail.com', '9854455557', 'poipoio', 'india', 'XOat1D2FWq2Xq0QxU1A6CHGMlnXLWHQJ0YESRsG3bM6ydPVqcm', '0', 'http://localhost/laravelproject/public/uploads/professional/1649621767.jpg', '2022-04-10 20:16:07', '2022-07-27 12:26:51');

-- --------------------------------------------------------

--
-- Table structure for table `proff_images`
--

CREATE TABLE `proff_images` (
  `id` int(11) NOT NULL,
  `proffessional_id` varchar(200) DEFAULT NULL,
  `image` varchar(200) DEFAULT NULL,
  `status` varchar(200) DEFAULT NULL,
  `created_at` timestamp NOT NULL DEFAULT current_timestamp(),
  `updated_at` timestamp NULL DEFAULT NULL ON UPDATE current_timestamp()
) ENGINE=InnoDB DEFAULT CHARSET=utf8mb4 COLLATE=utf8mb4_general_ci;

--
-- Dumping data for table `proff_images`
--

INSERT INTO `proff_images` (`id`, `proffessional_id`, `image`, `status`, `created_at`, `updated_at`) VALUES
(8, '2', 'http://localhost/laravelproject/public/uploads/professional/164962049626.jpg', '1', '2022-04-10 19:54:56', '2022-04-10 14:25:12'),
(16, '5', 'https://beautyliciousnj.com/laravelproject/public/uploads/professional/16536380589.jpg', '0', '2022-05-27 07:54:18', NULL),
(17, '5', 'https://beautyliciousnj.com/laravelproject/public/uploads/professional/165363805837.jpg', '1', '2022-05-27 07:54:18', '2022-05-27 14:54:27'),
(18, '5', 'https://beautyliciousnj.com/laravelproject/public/uploads/professional/16536380581.jpg', '1', '2022-05-27 07:54:18', '2022-05-27 16:20:35');

-- --------------------------------------------------------

--
-- Table structure for table `questions`
--

CREATE TABLE `questions` (
  `id` int(11) NOT NULL,
  `question` varchar(200) NOT NULL,
  `answe_type` varchar(100) NOT NULL,
  `page_no` int(11) NOT NULL,
  `created_at` timestamp NOT NULL DEFAULT current_timestamp(),
  `updated_at` timestamp NULL DEFAULT NULL ON UPDATE current_timestamp()
) ENGINE=InnoDB DEFAULT CHARSET=latin1 COLLATE=latin1_swedish_ci;

--
-- Dumping data for table `questions`
--

INSERT INTO `questions` (`id`, `question`, `answe_type`, `page_no`, `created_at`, `updated_at`) VALUES
(1, 'What is your goal?', 'option', 1, '2022-07-19 06:54:58', '2022-08-24 12:36:31'),
(2, 'Fitness Experience Level?', 'option', 1, '2022-07-19 06:54:58', '2022-08-24 12:36:31'),
(3, 'What time do you work out?', 'option', 1, '2022-07-19 06:55:52', '2022-08-24 12:36:32'),
(4, 'How many times a week do you workout?', 'option', 1, '2022-07-19 06:55:52', '2022-08-24 12:36:32'),
(5, 'Protein Sources:', 'option', 2, '2022-07-24 04:40:35', '2022-08-24 12:37:43'),
(6, 'Fruit Options:', 'option', 2, '2022-07-24 04:40:35', '2022-08-24 12:37:43'),
(7, 'Dairy Options:', 'option', 2, '2022-07-24 04:40:35', '2022-08-24 12:37:44'),
(8, 'Choose your protein sources:', 'option', 3, '2022-07-24 04:40:35', '2022-08-24 12:38:31'),
(9, 'Choose your carb sources:', 'option', 3, '2022-07-24 04:40:35', '2022-08-24 12:38:31'),
(10, 'Choose your fat sources:', 'option', 3, '2022-07-24 04:40:35', '2022-08-24 12:38:31'),
(11, 'Choose your top berry sources:', 'option', 3, '2022-07-24 04:40:35', '2022-08-24 12:38:32'),
(12, 'Choose your secondary fruit sources:', 'option', 3, '2022-07-24 04:40:35', '2022-08-24 12:38:32'),
(13, 'Choose your vegetable sources:', 'option', 3, '2022-07-24 04:40:35', '2022-08-24 12:38:32'),
(14, 'What supplements are you currently taking if at all any? (ex. Vitamins, BCAA, Pre Workout etc..)', 'text', 4, '2022-07-24 04:40:35', '2022-07-24 06:22:51'),
(15, 'Are you currently taking any medication?', 'text', 4, '2022-07-24 04:40:35', '2022-07-24 06:22:55'),
(16, 'Do you have any medical conditions and /or injuries?', 'text', 4, '2022-07-24 04:40:35', '2022-07-24 06:22:58');

-- --------------------------------------------------------

--
-- Table structure for table `question_solution`
--

CREATE TABLE `question_solution` (
  `id` int(11) NOT NULL,
  `user_id` int(11) NOT NULL,
  `question_id` int(11) NOT NULL,
  `option_id` int(11) DEFAULT NULL,
  `text` varchar(2000) DEFAULT NULL COMMENT 'text, if any',
  `created_at` timestamp(6) NOT NULL DEFAULT current_timestamp(6),
  `updated_at` timestamp(6) NULL DEFAULT NULL ON UPDATE current_timestamp(6)
) ENGINE=InnoDB DEFAULT CHARSET=utf8mb4 COLLATE=utf8mb4_general_ci;

--
-- Dumping data for table `question_solution`
--

INSERT INTO `question_solution` (`id`, `user_id`, `question_id`, `option_id`, `text`, `created_at`, `updated_at`) VALUES
(1, 1, 1, 1, NULL, '2023-03-17 07:24:10.889146', NULL),
(2, 1, 2, 3, NULL, '2023-03-17 07:24:10.889662', NULL),
(3, 1, 3, 7, NULL, '2023-03-17 07:24:10.889912', NULL),
(4, 1, 4, 66, NULL, '2023-03-17 07:24:10.890152', NULL),
(5, 1, 5, 13, NULL, '2023-03-17 07:24:10.890390', NULL),
(6, 1, 5, 15, NULL, '2023-03-17 07:24:10.890610', NULL),
(7, 1, 5, 130, NULL, '2023-03-17 07:24:10.890999', NULL),
(8, 1, 5, 132, NULL, '2023-03-17 07:24:10.891234', NULL),
(9, 1, 5, 134, NULL, '2023-03-17 07:24:10.891453', NULL),
(10, 1, 6, 17, NULL, '2023-03-17 07:24:10.891700', NULL),
(11, 1, 6, 19, NULL, '2023-03-17 07:24:10.891909', NULL),
(12, 1, 6, 148, NULL, '2023-03-17 07:24:10.892132', NULL),
(13, 1, 6, 150, NULL, '2023-03-17 07:24:10.892347', NULL),
(14, 1, 6, 152, NULL, '2023-03-17 07:24:10.892580', NULL),
(15, 1, 7, 21, NULL, '2023-03-17 07:24:10.892801', NULL),
(16, 1, 7, 22, NULL, '2023-03-17 07:24:10.893227', NULL),
(17, 1, 7, 23, NULL, '2023-03-17 07:24:10.893452', NULL),
(18, 1, 7, 24, NULL, '2023-03-17 07:24:10.893673', NULL),
(19, 1, 7, 155, NULL, '2023-03-17 07:24:10.893882', NULL),
(20, 1, 8, 25, NULL, '2023-03-17 07:24:10.894155', NULL),
(21, 1, 8, 27, NULL, '2023-03-17 07:24:10.894367', NULL),
(22, 1, 8, 67, NULL, '2023-03-17 07:24:10.894573', NULL),
(23, 1, 8, 69, NULL, '2023-03-17 07:24:10.894790', NULL),
(24, 1, 8, 73, NULL, '2023-03-17 07:24:10.895005', NULL),
(25, 1, 8, 71, NULL, '2023-03-17 07:24:10.895220', NULL),
(26, 1, 9, 29, NULL, '2023-03-17 07:24:10.895443', NULL),
(27, 1, 9, 31, NULL, '2023-03-17 07:24:10.895667', NULL),
(28, 1, 9, 85, NULL, '2023-03-17 07:24:10.895879', NULL),
(29, 1, 9, 87, NULL, '2023-03-17 07:24:10.896098', NULL),
(30, 1, 9, 89, NULL, '2023-03-17 07:24:10.896312', NULL),
(31, 1, 10, 33, NULL, '2023-03-17 07:24:10.896528', NULL),
(32, 1, 10, 35, NULL, '2023-03-17 07:24:10.896769', NULL),
(33, 1, 10, 97, NULL, '2023-03-17 07:24:10.896984', NULL),
(34, 1, 10, 99, NULL, '2023-03-17 07:24:10.897193', NULL),
(35, 1, 10, 101, NULL, '2023-03-17 07:24:10.897402', NULL),
(36, 1, 11, 37, NULL, '2023-03-17 07:24:10.897617', NULL),
(37, 1, 11, 38, NULL, '2023-03-17 07:24:10.897831', NULL),
(38, 1, 11, 39, NULL, '2023-03-17 07:24:10.898037', NULL),
(39, 1, 11, 40, NULL, '2023-03-17 07:24:10.898252', NULL),
(40, 1, 11, 111, NULL, '2023-03-17 07:24:10.898462', NULL),
(41, 1, 12, 41, NULL, '2023-03-17 07:24:10.898674', NULL),
(42, 1, 12, 42, NULL, '2023-03-17 07:24:10.898915', NULL),
(43, 1, 12, 43, NULL, '2023-03-17 07:24:10.899148', NULL),
(44, 1, 12, 44, NULL, '2023-03-17 07:24:10.899356', NULL),
(45, 1, 12, 112, NULL, '2023-03-17 07:24:10.899559', NULL),
(46, 1, 12, 113, NULL, '2023-03-17 07:24:10.899771', NULL),
(47, 1, 13, 45, NULL, '2023-03-17 07:24:10.899982', NULL),
(48, 1, 13, 47, NULL, '2023-03-17 07:24:10.900188', NULL),
(49, 1, 13, 114, NULL, '2023-03-17 07:24:10.900397', NULL),
(50, 1, 13, 116, NULL, '2023-03-17 07:24:10.900605', NULL),
(51, 1, 13, 118, NULL, '2023-03-17 07:24:10.900818', NULL),
(52, 1, 14, NULL, 'Nothing right now', '2023-03-17 07:24:10.901034', NULL),
(53, 1, 15, NULL, 'nothing right now', '2023-03-17 07:24:10.901255', NULL),
(54, 1, 16, NULL, 'Nothing right now', '2023-03-17 07:24:10.901464', NULL),
(55, 2, 1, 1, NULL, '2023-03-17 07:29:52.953562', NULL),
(56, 2, 2, 3, NULL, '2023-03-17 07:29:52.954732', NULL),
(57, 2, 3, 5, NULL, '2023-03-17 07:29:52.954996', NULL),
(58, 2, 4, 60, NULL, '2023-03-17 07:29:52.955226', NULL),
(59, 2, 8, 25, NULL, '2023-03-17 07:29:52.955454', NULL),
(60, 2, 8, 26, NULL, '2023-03-17 07:29:52.955676', NULL),
(61, 2, 8, 27, NULL, '2023-03-17 07:29:52.955922', NULL),
(62, 2, 8, 28, NULL, '2023-03-17 07:29:52.956139', NULL),
(63, 2, 8, 67, NULL, '2023-03-17 07:29:52.956427', NULL),
(64, 2, 9, 29, NULL, '2023-03-17 07:29:52.956672', NULL),
(65, 2, 9, 30, NULL, '2023-03-17 07:29:52.956913', NULL),
(66, 2, 9, 31, NULL, '2023-03-17 07:29:52.957139', NULL),
(67, 2, 9, 32, NULL, '2023-03-17 07:29:52.957372', NULL),
(68, 2, 9, 85, NULL, '2023-03-17 07:29:52.957585', NULL),
(69, 2, 10, 33, NULL, '2023-03-17 07:29:52.957817', NULL),
(70, 2, 10, 34, NULL, '2023-03-17 07:29:52.958045', NULL),
(71, 2, 10, 35, NULL, '2023-03-17 07:29:52.958272', NULL),
(72, 2, 10, 36, NULL, '2023-03-17 07:29:52.958494', NULL),
(73, 2, 10, 97, NULL, '2023-03-17 07:29:52.958722', NULL),
(74, 2, 11, 37, NULL, '2023-03-17 07:29:52.958960', NULL),
(75, 2, 11, 38, NULL, '2023-03-17 07:29:52.959175', NULL),
(76, 2, 11, 39, NULL, '2023-03-17 07:29:52.959412', NULL),
(77, 2, 11, 40, NULL, '2023-03-17 07:29:52.959637', NULL),
(78, 2, 11, 111, NULL, '2023-03-17 07:29:52.959875', NULL),
(79, 2, 12, 41, NULL, '2023-03-17 07:29:52.960094', NULL),
(80, 2, 12, 42, NULL, '2023-03-17 07:29:52.960328', NULL),
(81, 2, 12, 43, NULL, '2023-03-17 07:29:52.960540', NULL),
(82, 2, 12, 44, NULL, '2023-03-17 07:29:52.960779', NULL),
(83, 2, 12, 112, NULL, '2023-03-17 07:29:52.961008', NULL),
(84, 2, 13, 45, NULL, '2023-03-17 07:29:52.961222', NULL),
(85, 2, 13, 46, NULL, '2023-03-17 07:29:52.961436', NULL),
(86, 2, 13, 47, NULL, '2023-03-17 07:29:52.961659', NULL),
(87, 2, 13, 48, NULL, '2023-03-17 07:29:52.961888', NULL),
(88, 2, 13, 114, NULL, '2023-03-17 07:29:52.962107', NULL),
(89, 2, 14, NULL, 'answerTextViewOne', '2023-03-17 07:29:52.962338', NULL),
(90, 2, 15, NULL, 'answerTextViewtwo', '2023-03-17 07:29:52.962567', NULL),
(91, 2, 16, NULL, 'answerTextViewthree', '2023-03-17 07:29:52.962808', NULL),
(92, 16, 1, 1, NULL, '2023-03-28 06:33:20.287785', NULL),
(93, 16, 2, 3, NULL, '2023-03-28 06:33:20.288418', NULL),
(94, 16, 3, 5, NULL, '2023-03-28 06:33:20.288673', NULL),
(95, 16, 4, 59, NULL, '2023-03-28 06:33:20.288915', NULL),
(96, 16, 5, 13, NULL, '2023-03-28 06:33:20.289167', NULL),
(97, 16, 5, 14, NULL, '2023-03-28 06:33:20.289396', NULL),
(98, 16, 5, 15, NULL, '2023-03-28 06:33:20.289618', NULL),
(99, 16, 5, 16, NULL, '2023-03-28 06:33:20.289853', NULL),
(100, 16, 5, 130, NULL, '2023-03-28 06:33:20.290073', NULL),
(101, 16, 6, 17, NULL, '2023-03-28 06:33:20.290321', NULL),
(102, 16, 6, 18, NULL, '2023-03-28 06:33:20.290542', NULL),
(103, 16, 6, 19, NULL, '2023-03-28 06:33:20.290766', NULL),
(104, 16, 6, 20, NULL, '2023-03-28 06:33:20.291005', NULL),
(105, 16, 6, 148, NULL, '2023-03-28 06:33:20.291679', NULL),
(106, 16, 7, 21, NULL, '2023-03-28 06:33:20.291934', NULL),
(107, 16, 7, 22, NULL, '2023-03-28 06:33:20.292178', NULL),
(108, 16, 7, 23, NULL, '2023-03-28 06:33:20.292400', NULL),
(109, 16, 7, 24, NULL, '2023-03-28 06:33:20.292631', NULL),
(110, 16, 7, 155, NULL, '2023-03-28 06:33:20.292851', NULL),
(111, 16, 8, 25, NULL, '2023-03-28 06:33:20.293075', NULL),
(112, 16, 8, 26, NULL, '2023-03-28 06:33:20.293314', NULL),
(113, 16, 8, 27, NULL, '2023-03-28 06:33:20.293538', NULL),
(114, 16, 8, 28, NULL, '2023-03-28 06:33:20.293759', NULL),
(115, 16, 8, 67, NULL, '2023-03-28 06:33:20.293983', NULL),
(116, 16, 8, 68, NULL, '2023-03-28 06:33:20.294212', NULL),
(117, 16, 9, 29, NULL, '2023-03-28 06:33:20.294440', NULL),
(118, 16, 9, 30, NULL, '2023-03-28 06:33:20.294661', NULL),
(119, 16, 9, 31, NULL, '2023-03-28 06:33:20.294883', NULL),
(120, 16, 9, 32, NULL, '2023-03-28 06:33:20.295110', NULL),
(121, 16, 9, 85, NULL, '2023-03-28 06:33:20.295336', NULL),
(122, 16, 9, 86, NULL, '2023-03-28 06:33:20.295549', NULL),
(123, 16, 10, 33, NULL, '2023-03-28 06:33:20.295783', NULL),
(124, 16, 10, 34, NULL, '2023-03-28 06:33:20.296008', NULL),
(125, 16, 10, 35, NULL, '2023-03-28 06:33:20.296230', NULL),
(126, 16, 10, 36, NULL, '2023-03-28 06:33:20.296456', NULL),
(127, 16, 10, 97, NULL, '2023-03-28 06:33:20.296692', NULL),
(128, 16, 11, 37, NULL, '2023-03-28 06:33:20.296910', NULL),
(129, 16, 11, 38, NULL, '2023-03-28 06:33:20.297216', NULL),
(130, 16, 11, 39, NULL, '2023-03-28 06:33:20.297461', NULL),
(131, 16, 11, 40, NULL, '2023-03-28 06:33:20.297685', NULL),
(132, 16, 11, 111, NULL, '2023-03-28 06:33:20.297906', NULL),
(133, 16, 12, 41, NULL, '2023-03-28 06:33:20.298137', NULL),
(134, 16, 12, 42, NULL, '2023-03-28 06:33:20.298414', NULL),
(135, 16, 12, 43, NULL, '2023-03-28 06:33:20.298638', NULL),
(136, 16, 12, 44, NULL, '2023-03-28 06:33:20.298859', NULL),
(137, 16, 12, 112, NULL, '2023-03-28 06:33:20.299080', NULL),
(138, 16, 13, 45, NULL, '2023-03-28 06:33:20.299319', NULL),
(139, 16, 13, 46, NULL, '2023-03-28 06:33:20.299537', NULL),
(140, 16, 13, 47, NULL, '2023-03-28 06:33:20.299759', NULL),
(141, 16, 13, 48, NULL, '2023-03-28 06:33:20.299981', NULL),
(142, 16, 13, 114, NULL, '2023-03-28 06:33:20.300216', NULL),
(143, 16, 14, NULL, 'answerTextViewOne', '2023-03-28 06:33:20.300452', NULL),
(144, 16, 15, NULL, 'answerTextViewtwo', '2023-03-28 06:33:20.300670', NULL),
(145, 16, 16, NULL, 'answerTextViewthree', '2023-03-28 06:33:20.300895', NULL),
(146, 16, 1, 1, NULL, '2023-03-28 06:33:20.567474', NULL),
(147, 16, 2, 3, NULL, '2023-03-28 06:33:20.568074', NULL),
(148, 16, 3, 5, NULL, '2023-03-28 06:33:20.568325', NULL),
(149, 16, 4, 59, NULL, '2023-03-28 06:33:20.568567', NULL),
(150, 16, 5, 13, NULL, '2023-03-28 06:33:20.568833', NULL),
(151, 16, 5, 14, NULL, '2023-03-28 06:33:20.569076', NULL),
(152, 16, 5, 15, NULL, '2023-03-28 06:33:20.569303', NULL),
(153, 16, 5, 16, NULL, '2023-03-28 06:33:20.569526', NULL),
(154, 16, 5, 130, NULL, '2023-03-28 06:33:20.569761', NULL),
(155, 16, 6, 17, NULL, '2023-03-28 06:33:20.569990', NULL),
(156, 16, 6, 18, NULL, '2023-03-28 06:33:20.570228', NULL),
(157, 16, 6, 19, NULL, '2023-03-28 06:33:20.570447', NULL),
(158, 16, 6, 20, NULL, '2023-03-28 06:33:20.570666', NULL),
(159, 16, 6, 148, NULL, '2023-03-28 06:33:20.570894', NULL),
(160, 16, 7, 21, NULL, '2023-03-28 06:33:20.571131', NULL),
(161, 16, 7, 22, NULL, '2023-03-28 06:33:20.571347', NULL),
(162, 16, 7, 23, NULL, '2023-03-28 06:33:20.571571', NULL),
(163, 16, 7, 24, NULL, '2023-03-28 06:33:20.571794', NULL),
(164, 16, 7, 155, NULL, '2023-03-28 06:33:20.572019', NULL),
(165, 16, 8, 25, NULL, '2023-03-28 06:33:20.572263', NULL),
(166, 16, 8, 26, NULL, '2023-03-28 06:33:20.572486', NULL),
(167, 16, 8, 27, NULL, '2023-03-28 06:33:20.572707', NULL),
(168, 16, 8, 28, NULL, '2023-03-28 06:33:20.572930', NULL),
(169, 16, 8, 67, NULL, '2023-03-28 06:33:20.573168', NULL),
(170, 16, 8, 68, NULL, '2023-03-28 06:33:20.573387', NULL),
(171, 16, 9, 29, NULL, '2023-03-28 06:33:20.573613', NULL),
(172, 16, 9, 30, NULL, '2023-03-28 06:33:20.573832', NULL),
(173, 16, 9, 31, NULL, '2023-03-28 06:33:20.574068', NULL),
(174, 16, 9, 32, NULL, '2023-03-28 06:33:20.574288', NULL),
(175, 16, 9, 85, NULL, '2023-03-28 06:33:20.574503', NULL),
(176, 16, 9, 86, NULL, '2023-03-28 06:33:20.574727', NULL),
(177, 16, 10, 33, NULL, '2023-03-28 06:33:20.574977', NULL),
(178, 16, 10, 34, NULL, '2023-03-28 06:33:20.575209', NULL),
(179, 16, 10, 35, NULL, '2023-03-28 06:33:20.575423', NULL),
(180, 16, 10, 36, NULL, '2023-03-28 06:33:20.575640', NULL),
(181, 16, 10, 97, NULL, '2023-03-28 06:33:20.575872', NULL),
(182, 16, 11, 37, NULL, '2023-03-28 06:33:20.576097', NULL),
(183, 16, 11, 38, NULL, '2023-03-28 06:33:20.576316', NULL),
(184, 16, 11, 39, NULL, '2023-03-28 06:33:20.576534', NULL),
(185, 16, 11, 40, NULL, '2023-03-28 06:33:20.576764', NULL),
(186, 16, 11, 111, NULL, '2023-03-28 06:33:20.576987', NULL),
(187, 16, 12, 41, NULL, '2023-03-28 06:33:20.577217', NULL),
(188, 16, 12, 42, NULL, '2023-03-28 06:33:20.577432', NULL),
(189, 16, 12, 43, NULL, '2023-03-28 06:33:20.577647', NULL),
(190, 16, 12, 44, NULL, '2023-03-28 06:33:20.577865', NULL),
(191, 16, 12, 112, NULL, '2023-03-28 06:33:20.578086', NULL),
(192, 16, 13, 45, NULL, '2023-03-28 06:33:20.578305', NULL),
(193, 16, 13, 46, NULL, '2023-03-28 06:33:20.578520', NULL),
(194, 16, 13, 47, NULL, '2023-03-28 06:33:20.578745', NULL),
(195, 16, 13, 48, NULL, '2023-03-28 06:33:20.578983', NULL),
(196, 16, 13, 114, NULL, '2023-03-28 06:33:20.579221', NULL),
(197, 16, 14, NULL, 'answerTextViewOne', '2023-03-28 06:33:20.579450', NULL),
(198, 16, 15, NULL, 'answerTextViewtwo', '2023-03-28 06:33:20.579674', NULL),
(199, 16, 16, NULL, 'answerTextViewthree', '2023-03-28 06:33:20.579898', NULL),
(200, 17, 1, 1, NULL, '2023-03-28 08:33:02.633197', NULL),
(201, 17, 2, 3, NULL, '2023-03-28 08:33:02.633654', NULL),
(202, 17, 3, 5, NULL, '2023-03-28 08:33:02.633934', NULL),
(203, 17, 4, 60, NULL, '2023-03-28 08:33:02.634157', NULL),
(204, 17, 5, 13, NULL, '2023-03-28 08:33:02.634385', NULL),
(205, 17, 5, 14, NULL, '2023-03-28 08:33:02.634605', NULL),
(206, 17, 5, 15, NULL, '2023-03-28 08:33:02.634823', NULL),
(207, 17, 5, 16, NULL, '2023-03-28 08:33:02.635038', NULL),
(208, 17, 5, 130, NULL, '2023-03-28 08:33:02.635256', NULL),
(209, 17, 6, 17, NULL, '2023-03-28 08:33:02.635467', NULL),
(210, 17, 6, 18, NULL, '2023-03-28 08:33:02.635674', NULL),
(211, 17, 6, 19, NULL, '2023-03-28 08:33:02.635915', NULL),
(212, 17, 6, 20, NULL, '2023-03-28 08:33:02.636127', NULL),
(213, 17, 6, 148, NULL, '2023-03-28 08:33:02.636336', NULL),
(214, 17, 7, 21, NULL, '2023-03-28 08:33:02.636546', NULL),
(215, 17, 7, 22, NULL, '2023-03-28 08:33:02.636775', NULL),
(216, 17, 7, 23, NULL, '2023-03-28 08:33:02.636996', NULL),
(217, 17, 7, 24, NULL, '2023-03-28 08:33:02.637221', NULL),
(218, 17, 7, 155, NULL, '2023-03-28 08:33:02.637428', NULL),
(219, 17, 8, 25, NULL, '2023-03-28 08:33:02.637648', NULL),
(220, 17, 8, 26, NULL, '2023-03-28 08:33:02.637907', NULL),
(221, 17, 8, 27, NULL, '2023-03-28 08:33:02.638131', NULL),
(222, 17, 8, 28, NULL, '2023-03-28 08:33:02.638349', NULL),
(223, 17, 8, 67, NULL, '2023-03-28 08:33:02.638566', NULL),
(224, 17, 9, 29, NULL, '2023-03-28 08:33:02.638823', NULL),
(225, 17, 9, 30, NULL, '2023-03-28 08:33:02.639038', NULL),
(226, 17, 9, 31, NULL, '2023-03-28 08:33:02.639253', NULL),
(227, 17, 9, 32, NULL, '2023-03-28 08:33:02.639465', NULL),
(228, 17, 9, 85, NULL, '2023-03-28 08:33:02.639671', NULL),
(229, 17, 10, 33, NULL, '2023-03-28 08:33:02.639907', NULL),
(230, 17, 10, 34, NULL, '2023-03-28 08:33:02.640125', NULL),
(231, 17, 10, 35, NULL, '2023-03-28 08:33:02.640337', NULL),
(232, 17, 10, 36, NULL, '2023-03-28 08:33:02.640545', NULL),
(233, 17, 10, 97, NULL, '2023-03-28 08:33:02.640776', NULL),
(234, 17, 11, 37, NULL, '2023-03-28 08:33:02.641011', NULL),
(235, 17, 11, 38, NULL, '2023-03-28 08:33:02.641224', NULL),
(236, 17, 11, 39, NULL, '2023-03-28 08:33:02.641430', NULL),
(237, 17, 11, 40, NULL, '2023-03-28 08:33:02.641641', NULL),
(238, 17, 11, 111, NULL, '2023-03-28 08:33:02.641897', NULL),
(239, 17, 12, 41, NULL, '2023-03-28 08:33:02.642325', NULL),
(240, 17, 12, 42, NULL, '2023-03-28 08:33:02.642548', NULL),
(241, 17, 12, 43, NULL, '2023-03-28 08:33:02.642760', NULL),
(242, 17, 12, 44, NULL, '2023-03-28 08:33:02.642998', NULL),
(243, 17, 12, 112, NULL, '2023-03-28 08:33:02.643216', NULL),
(244, 17, 13, 45, NULL, '2023-03-28 08:33:02.643454', NULL),
(245, 17, 13, 46, NULL, '2023-03-28 08:33:02.643664', NULL),
(246, 17, 13, 47, NULL, '2023-03-28 08:33:02.643898', NULL),
(247, 17, 13, 48, NULL, '2023-03-28 08:33:02.644135', NULL),
(248, 17, 13, 114, NULL, '2023-03-28 08:33:02.644360', NULL),
(249, 17, 14, NULL, 'answerTextViewOne', '2023-03-28 08:33:02.644579', NULL),
(250, 17, 15, NULL, 'answerTextViewtwo', '2023-03-28 08:33:02.644808', NULL),
(251, 17, 16, NULL, 'answerTextViewthree', '2023-03-28 08:33:02.645042', NULL),
(252, 15, 1, 1, NULL, '2023-03-28 17:35:34.533491', NULL),
(253, 15, 2, 3, NULL, '2023-03-28 17:35:34.533950', NULL),
(254, 15, 3, 5, NULL, '2023-03-28 17:35:34.534207', NULL),
(255, 15, 4, 61, NULL, '2023-03-28 17:35:34.534453', NULL),
(256, 15, 8, 25, NULL, '2023-03-28 17:35:34.534710', NULL),
(257, 15, 8, 26, NULL, '2023-03-28 17:35:34.534981', NULL),
(258, 15, 8, 27, NULL, '2023-03-28 17:35:34.535226', NULL),
(259, 15, 8, 28, NULL, '2023-03-28 17:35:34.535463', NULL),
(260, 15, 8, 68, NULL, '2023-03-28 17:35:34.535710', NULL),
(261, 15, 9, 29, NULL, '2023-03-28 17:35:34.535967', NULL),
(262, 15, 9, 30, NULL, '2023-03-28 17:35:34.536206', NULL),
(263, 15, 9, 31, NULL, '2023-03-28 17:35:34.536439', NULL),
(264, 15, 9, 32, NULL, '2023-03-28 17:35:34.536672', NULL),
(265, 15, 9, 85, NULL, '2023-03-28 17:35:34.536947', NULL),
(266, 15, 10, 33, NULL, '2023-03-28 17:35:34.537182', NULL),
(267, 15, 10, 34, NULL, '2023-03-28 17:35:34.537415', NULL),
(268, 15, 10, 35, NULL, '2023-03-28 17:35:34.537652', NULL),
(269, 15, 10, 36, NULL, '2023-03-28 17:35:34.537918', NULL),
(270, 15, 10, 97, NULL, '2023-03-28 17:35:34.538166', NULL),
(271, 15, 11, 37, NULL, '2023-03-28 17:35:34.538404', NULL),
(272, 15, 11, 38, NULL, '2023-03-28 17:35:34.538644', NULL),
(273, 15, 11, 39, NULL, '2023-03-28 17:35:34.538921', NULL),
(274, 15, 11, 40, NULL, '2023-03-28 17:35:34.539163', NULL),
(275, 15, 11, 111, NULL, '2023-03-28 17:35:34.539403', NULL),
(276, 15, 12, 41, NULL, '2023-03-28 17:35:34.539643', NULL),
(277, 15, 12, 42, NULL, '2023-03-28 17:35:34.539909', NULL),
(278, 15, 12, 43, NULL, '2023-03-28 17:35:34.540155', NULL),
(279, 15, 12, 44, NULL, '2023-03-28 17:35:34.540396', NULL),
(280, 15, 12, 112, NULL, '2023-03-28 17:35:34.540631', NULL),
(281, 15, 13, 45, NULL, '2023-03-28 17:35:34.541102', NULL),
(282, 15, 13, 46, NULL, '2023-03-28 17:35:34.541618', NULL),
(283, 15, 13, 47, NULL, '2023-03-28 17:35:34.541975', NULL),
(284, 15, 13, 48, NULL, '2023-03-28 17:35:34.542327', NULL),
(285, 15, 13, 114, NULL, '2023-03-28 17:35:34.542672', NULL),
(286, 15, 14, NULL, 'answerTextViewOne', '2023-03-28 17:35:34.543049', NULL),
(287, 15, 15, NULL, 'answerTextViewtwo', '2023-03-28 17:35:34.543387', NULL),
(288, 15, 16, NULL, 'answerTextViewthree', '2023-03-28 17:35:34.543677', NULL),
(289, 31, 1, 1, NULL, '2023-05-18 16:34:21.266662', NULL),
(290, 31, 2, 58, NULL, '2023-05-18 16:34:21.267656', NULL),
(291, 31, 3, 5, NULL, '2023-05-18 16:34:21.267895', NULL),
(292, 31, 4, 59, NULL, '2023-05-18 16:34:21.268115', NULL),
(293, 31, 5, 13, NULL, '2023-05-18 16:34:21.268339', NULL),
(294, 31, 5, 15, NULL, '2023-05-18 16:34:21.268538', NULL),
(295, 31, 5, 130, NULL, '2023-05-18 16:34:21.268736', NULL),
(296, 31, 5, 132, NULL, '2023-05-18 16:34:21.268951', NULL),
(297, 31, 5, 134, NULL, '2023-05-18 16:34:21.269164', NULL),
(298, 31, 6, 17, NULL, '2023-05-18 16:34:21.269372', NULL),
(299, 31, 6, 19, NULL, '2023-05-18 16:34:21.269566', NULL),
(300, 31, 6, 148, NULL, '2023-05-18 16:34:21.269759', NULL),
(301, 31, 6, 150, NULL, '2023-05-18 16:34:21.269961', NULL),
(302, 31, 6, 152, NULL, '2023-05-18 16:34:21.270171', NULL),
(303, 31, 7, 21, NULL, '2023-05-18 16:34:21.270371', NULL),
(304, 31, 7, 23, NULL, '2023-05-18 16:34:21.270566', NULL),
(305, 31, 7, 162, NULL, '2023-05-18 16:34:21.270758', NULL),
(306, 31, 7, 22, NULL, '2023-05-18 16:34:21.270958', NULL),
(307, 31, 7, 24, NULL, '2023-05-18 16:34:21.271171', NULL),
(308, 31, 8, 25, NULL, '2023-05-18 16:34:21.271388', NULL),
(309, 31, 8, 27, NULL, '2023-05-18 16:34:21.271583', NULL),
(310, 31, 8, 67, NULL, '2023-05-18 16:34:21.271776', NULL),
(311, 31, 8, 69, NULL, '2023-05-18 16:34:21.271980', NULL),
(312, 31, 8, 26, NULL, '2023-05-18 16:34:21.272192', NULL),
(313, 31, 9, 29, NULL, '2023-05-18 16:34:21.272392', NULL),
(314, 31, 9, 31, NULL, '2023-05-18 16:34:21.272588', NULL),
(315, 31, 9, 85, NULL, '2023-05-18 16:34:21.272780', NULL),
(316, 31, 9, 87, NULL, '2023-05-18 16:34:21.272997', NULL),
(317, 31, 9, 89, NULL, '2023-05-18 16:34:21.273207', NULL),
(318, 31, 10, 33, NULL, '2023-05-18 16:34:21.273409', NULL),
(319, 31, 10, 34, NULL, '2023-05-18 16:34:21.273604', NULL),
(320, 31, 10, 35, NULL, '2023-05-18 16:34:21.273800', NULL),
(321, 31, 10, 36, NULL, '2023-05-18 16:34:21.274029', NULL),
(322, 31, 10, 97, NULL, '2023-05-18 16:34:21.274270', NULL),
(323, 31, 10, 98, NULL, '2023-05-18 16:34:21.274945', NULL),
(324, 31, 11, 37, NULL, '2023-05-18 16:34:21.275181', NULL),
(325, 31, 11, 39, NULL, '2023-05-18 16:34:21.275612', NULL),
(326, 31, 11, 111, NULL, '2023-05-18 16:34:21.276025', NULL),
(327, 31, 11, 38, NULL, '2023-05-18 16:34:21.276319', NULL),
(328, 31, 11, 40, NULL, '2023-05-18 16:34:21.276593', NULL),
(329, 31, 12, 41, NULL, '2023-05-18 16:34:21.276863', NULL),
(330, 31, 12, 43, NULL, '2023-05-18 16:34:21.277162', NULL),
(331, 31, 12, 112, NULL, '2023-05-18 16:34:21.277442', NULL),
(332, 31, 12, 44, NULL, '2023-05-18 16:34:21.277712', NULL),
(333, 31, 12, 42, NULL, '2023-05-18 16:34:21.277998', NULL),
(334, 31, 12, 113, NULL, '2023-05-18 16:34:21.278282', NULL),
(335, 31, 13, 45, NULL, '2023-05-18 16:34:21.278554', NULL),
(336, 31, 13, 47, NULL, '2023-05-18 16:34:21.278821', NULL),
(337, 31, 13, 114, NULL, '2023-05-18 16:34:21.279123', NULL),
(338, 31, 13, 116, NULL, '2023-05-18 16:34:21.279409', NULL),
(339, 31, 13, 118, NULL, '2023-05-18 16:34:21.279679', NULL),
(340, 31, 14, NULL, 'no', '2023-05-18 16:34:21.279973', NULL),
(341, 31, 15, NULL, 'no', '2023-05-18 16:34:21.280259', NULL),
(342, 31, 16, NULL, 'no', '2023-05-18 16:34:21.280537', NULL),
(343, 23, 1, 1, NULL, '2023-06-13 14:21:41.856037', NULL),
(344, 23, 2, 58, NULL, '2023-06-13 14:21:41.856457', NULL),
(345, 23, 3, 6, NULL, '2023-06-13 14:21:41.856719', NULL),
(346, 23, 4, 64, NULL, '2023-06-13 14:21:41.856937', NULL),
(347, 23, 8, 25, NULL, '2023-06-13 14:21:41.857160', NULL),
(348, 23, 8, 26, NULL, '2023-06-13 14:21:41.857377', NULL),
(349, 23, 8, 27, NULL, '2023-06-13 14:21:41.857604', NULL),
(350, 23, 8, 68, NULL, '2023-06-13 14:21:41.857828', NULL),
(351, 23, 8, 69, NULL, '2023-06-13 14:21:41.858039', NULL),
(352, 23, 8, 72, NULL, '2023-06-13 14:21:41.858248', NULL),
(353, 23, 8, 73, NULL, '2023-06-13 14:21:41.858477', NULL),
(354, 23, 8, 77, NULL, '2023-06-13 14:21:41.860417', NULL),
(355, 23, 8, 78, NULL, '2023-06-13 14:21:41.860691', NULL),
(356, 23, 8, 81, NULL, '2023-06-13 14:21:41.860945', NULL),
(357, 23, 8, 82, NULL, '2023-06-13 14:21:41.861153', NULL),
(358, 23, 8, 83, NULL, '2023-06-13 14:21:41.861363', NULL),
(359, 23, 9, 29, NULL, '2023-06-13 14:21:41.861590', NULL),
(360, 23, 9, 86, NULL, '2023-06-13 14:21:41.861815', NULL),
(361, 23, 9, 87, NULL, '2023-06-13 14:21:41.862020', NULL),
(362, 23, 9, 88, NULL, '2023-06-13 14:21:41.862224', NULL),
(363, 23, 9, 89, NULL, '2023-06-13 14:21:41.862441', NULL),
(364, 23, 9, 90, NULL, '2023-06-13 14:21:41.862666', NULL),
(365, 23, 9, 94, NULL, '2023-06-13 14:21:41.862884', NULL),
(366, 23, 10, 33, NULL, '2023-06-13 14:21:41.863095', NULL),
(367, 23, 10, 34, NULL, '2023-06-13 14:21:41.863312', NULL),
(368, 23, 10, 35, NULL, '2023-06-13 14:21:41.863524', NULL),
(369, 23, 10, 107, NULL, '2023-06-13 14:21:41.863750', NULL),
(370, 23, 10, 110, NULL, '2023-06-13 14:21:41.863960', NULL),
(371, 23, 11, 37, NULL, '2023-06-13 14:21:41.864165', NULL),
(372, 23, 11, 38, NULL, '2023-06-13 14:21:41.864375', NULL),
(373, 23, 11, 39, NULL, '2023-06-13 14:21:41.864601', NULL),
(374, 23, 11, 40, NULL, '2023-06-13 14:21:41.864821', NULL),
(375, 23, 11, 111, NULL, '2023-06-13 14:21:41.865027', NULL),
(376, 23, 12, 41, NULL, '2023-06-13 14:21:41.865238', NULL),
(377, 23, 12, 42, NULL, '2023-06-13 14:21:41.865462', NULL),
(378, 23, 12, 43, NULL, '2023-06-13 14:21:41.865694', NULL),
(379, 23, 12, 44, NULL, '2023-06-13 14:21:41.865907', NULL),
(380, 23, 12, 112, NULL, '2023-06-13 14:21:41.866127', NULL),
(381, 23, 13, 115, NULL, '2023-06-13 14:21:41.866340', NULL),
(382, 23, 13, 118, NULL, '2023-06-13 14:21:41.866563', NULL),
(383, 23, 13, 120, NULL, '2023-06-13 14:21:41.866822', NULL),
(384, 23, 13, 121, NULL, '2023-06-13 14:21:41.867040', NULL),
(385, 23, 13, 122, NULL, '2023-06-13 14:21:41.867248', NULL),
(386, 23, 14, NULL, 'answerTextViewOne', '2023-06-13 14:21:41.867486', NULL),
(387, 23, 15, NULL, 'answerTextViewtwo', '2023-06-13 14:21:41.867727', NULL),
(388, 23, 16, NULL, 'answerTextViewthree', '2023-06-13 14:21:41.867940', NULL),
(389, 23, 1, 1, NULL, '2023-06-13 14:21:42.170126', NULL),
(390, 23, 2, 58, NULL, '2023-06-13 14:21:42.170922', NULL),
(391, 23, 3, 6, NULL, '2023-06-13 14:21:42.171225', NULL),
(392, 23, 4, 64, NULL, '2023-06-13 14:21:42.171558', NULL),
(393, 23, 8, 25, NULL, '2023-06-13 14:21:42.171904', NULL),
(394, 23, 8, 26, NULL, '2023-06-13 14:21:42.172198', NULL),
(395, 23, 8, 27, NULL, '2023-06-13 14:21:42.172504', NULL),
(396, 23, 8, 68, NULL, '2023-06-13 14:21:42.172850', NULL),
(397, 23, 8, 69, NULL, '2023-06-13 14:21:42.173142', NULL),
(398, 23, 8, 72, NULL, '2023-06-13 14:21:42.173443', NULL),
(399, 23, 8, 73, NULL, '2023-06-13 14:21:42.173764', NULL),
(400, 23, 8, 77, NULL, '2023-06-13 14:21:42.174056', NULL),
(401, 23, 8, 78, NULL, '2023-06-13 14:21:42.174358', NULL),
(402, 23, 8, 81, NULL, '2023-06-13 14:21:42.174692', NULL),
(403, 23, 8, 82, NULL, '2023-06-13 14:21:42.174989', NULL),
(404, 23, 8, 83, NULL, '2023-06-13 14:21:42.175287', NULL),
(405, 23, 9, 29, NULL, '2023-06-13 14:21:42.175625', NULL),
(406, 23, 9, 86, NULL, '2023-06-13 14:21:42.175944', NULL),
(407, 23, 9, 87, NULL, '2023-06-13 14:21:42.176233', NULL),
(408, 23, 9, 88, NULL, '2023-06-13 14:21:42.176558', NULL),
(409, 23, 9, 89, NULL, '2023-06-13 14:21:42.176909', NULL),
(410, 23, 9, 90, NULL, '2023-06-13 14:21:42.177200', NULL),
(411, 23, 9, 94, NULL, '2023-06-13 14:21:42.177504', NULL),
(412, 23, 10, 33, NULL, '2023-06-13 14:21:42.177852', NULL),
(413, 23, 10, 34, NULL, '2023-06-13 14:21:42.178147', NULL),
(414, 23, 10, 35, NULL, '2023-06-13 14:21:42.178457', NULL),
(415, 23, 10, 107, NULL, '2023-06-13 14:21:42.178809', NULL),
(416, 23, 10, 110, NULL, '2023-06-13 14:21:42.179099', NULL),
(417, 23, 11, 37, NULL, '2023-06-13 14:21:42.179400', NULL),
(418, 23, 11, 38, NULL, '2023-06-13 14:21:42.179731', NULL),
(419, 23, 11, 39, NULL, '2023-06-13 14:21:42.180052', NULL),
(420, 23, 11, 40, NULL, '2023-06-13 14:21:42.180350', NULL),
(421, 23, 11, 111, NULL, '2023-06-13 14:21:42.180690', NULL),
(422, 23, 12, 41, NULL, '2023-06-13 14:21:42.180994', NULL),
(423, 23, 12, 42, NULL, '2023-06-13 14:21:42.181294', NULL),
(424, 23, 12, 43, NULL, '2023-06-13 14:21:42.181624', NULL),
(425, 23, 12, 44, NULL, '2023-06-13 14:21:42.181925', NULL),
(426, 23, 12, 112, NULL, '2023-06-13 14:21:42.182216', NULL),
(427, 23, 13, 115, NULL, '2023-06-13 14:21:42.182533', NULL),
(428, 23, 13, 118, NULL, '2023-06-13 14:21:42.182888', NULL),
(429, 23, 13, 120, NULL, '2023-06-13 14:21:42.183177', NULL),
(430, 23, 13, 121, NULL, '2023-06-13 14:21:42.183480', NULL),
(431, 23, 13, 122, NULL, '2023-06-13 14:21:42.183828', NULL),
(432, 23, 14, NULL, 'answerTextViewOne', '2023-06-13 14:21:42.184138', NULL),
(433, 23, 15, NULL, 'answerTextViewtwo', '2023-06-13 14:21:42.184448', NULL),
(434, 23, 16, NULL, 'answerTextViewthree', '2023-06-13 14:21:42.184772', NULL),
(435, 38, 1, 1, NULL, '2023-06-30 19:46:14.348134', NULL),
(436, 38, 2, 57, NULL, '2023-06-30 19:46:14.348590', NULL),
(437, 38, 3, 5, NULL, '2023-06-30 19:46:14.348841', NULL),
(438, 38, 4, 64, NULL, '2023-06-30 19:46:14.349070', NULL),
(439, 38, 8, 25, NULL, '2023-06-30 19:46:14.349320', NULL),
(440, 38, 8, 27, NULL, '2023-06-30 19:46:14.349552', NULL),
(441, 38, 8, 72, NULL, '2023-06-30 19:46:14.349788', NULL),
(442, 38, 8, 78, NULL, '2023-06-30 19:46:14.350022', NULL),
(443, 38, 8, 81, NULL, '2023-06-30 19:46:14.350263', NULL),
(444, 38, 8, 82, NULL, '2023-06-30 19:46:14.350481', NULL),
(445, 38, 8, 83, NULL, '2023-06-30 19:46:14.350701', NULL),
(446, 38, 9, 29, NULL, '2023-06-30 19:46:14.350928', NULL),
(447, 38, 9, 30, NULL, '2023-06-30 19:46:14.351150', NULL),
(448, 38, 9, 88, NULL, '2023-06-30 19:46:14.351378', NULL),
(449, 38, 9, 94, NULL, '2023-06-30 19:46:14.351596', NULL),
(450, 38, 9, 96, NULL, '2023-06-30 19:46:14.351815', NULL),
(451, 38, 10, 33, NULL, '2023-06-30 19:46:14.352039', NULL),
(452, 38, 10, 98, NULL, '2023-06-30 19:46:14.352274', NULL),
(453, 38, 10, 99, NULL, '2023-06-30 19:46:14.352496', NULL),
(454, 38, 10, 103, NULL, '2023-06-30 19:46:14.352712', NULL),
(455, 38, 10, 104, NULL, '2023-06-30 19:46:14.352934', NULL),
(456, 38, 10, 105, NULL, '2023-06-30 19:46:14.353155', NULL),
(457, 38, 10, 107, NULL, '2023-06-30 19:46:14.353386', NULL),
(458, 38, 10, 109, NULL, '2023-06-30 19:46:14.353603', NULL),
(459, 38, 10, 110, NULL, '2023-06-30 19:46:14.353827', NULL),
(460, 38, 11, 37, NULL, '2023-06-30 19:46:14.354053', NULL),
(461, 38, 11, 38, NULL, '2023-06-30 19:46:14.354275', NULL),
(462, 38, 11, 39, NULL, '2023-06-30 19:46:14.354492', NULL),
(463, 38, 11, 40, NULL, '2023-06-30 19:46:14.354721', NULL),
(464, 38, 11, 111, NULL, '2023-06-30 19:46:14.354967', NULL),
(465, 38, 12, 41, NULL, '2023-06-30 19:46:14.355188', NULL),
(466, 38, 12, 42, NULL, '2023-06-30 19:46:14.355410', NULL),
(467, 38, 12, 44, NULL, '2023-06-30 19:46:14.355633', NULL),
(468, 38, 12, 112, NULL, '2023-06-30 19:46:14.355847', NULL),
(469, 38, 12, 113, NULL, '2023-06-30 19:46:14.356072', NULL),
(470, 38, 13, 46, NULL, '2023-06-30 19:46:14.356289', NULL),
(471, 38, 13, 115, NULL, '2023-06-30 19:46:14.356505', NULL),
(472, 38, 13, 117, NULL, '2023-06-30 19:46:14.356723', NULL),
(473, 38, 13, 118, NULL, '2023-06-30 19:46:14.356945', NULL),
(474, 38, 13, 120, NULL, '2023-06-30 19:46:14.357165', NULL),
(475, 38, 13, 121, NULL, '2023-06-30 19:46:14.357392', NULL),
(476, 38, 13, 124, NULL, '2023-06-30 19:46:14.357604', NULL),
(477, 38, 13, 126, NULL, '2023-06-30 19:46:14.357818', NULL),
(478, 38, 13, 127, NULL, '2023-06-30 19:46:14.358040', NULL),
(479, 38, 14, NULL, 'answerTextViewOne', '2023-06-30 19:46:14.358275', NULL),
(480, 38, 15, NULL, 'answerTextViewtwo', '2023-06-30 19:46:14.358496', NULL),
(481, 38, 16, NULL, 'answerTextViewthree', '2023-06-30 19:46:14.358712', NULL),
(482, 38, 1, 1, NULL, '2023-06-30 19:46:22.834833', NULL),
(483, 38, 2, 57, NULL, '2023-06-30 19:46:22.835374', NULL),
(484, 38, 3, 5, NULL, '2023-06-30 19:46:22.835626', NULL),
(485, 38, 4, 64, NULL, '2023-06-30 19:46:22.835873', NULL),
(486, 38, 8, 25, NULL, '2023-06-30 19:46:22.836115', NULL),
(487, 38, 8, 27, NULL, '2023-06-30 19:46:22.836376', NULL),
(488, 38, 8, 72, NULL, '2023-06-30 19:46:22.836615', NULL),
(489, 38, 8, 78, NULL, '2023-06-30 19:46:22.836841', NULL),
(490, 38, 8, 81, NULL, '2023-06-30 19:46:22.837067', NULL),
(491, 38, 8, 82, NULL, '2023-06-30 19:46:22.837311', NULL),
(492, 38, 8, 83, NULL, '2023-06-30 19:46:22.837581', NULL),
(493, 38, 9, 29, NULL, '2023-06-30 19:46:22.837903', NULL),
(494, 38, 9, 30, NULL, '2023-06-30 19:46:22.838157', NULL),
(495, 38, 9, 88, NULL, '2023-06-30 19:46:22.838466', NULL),
(496, 38, 9, 94, NULL, '2023-06-30 19:46:22.838695', NULL),
(497, 38, 9, 96, NULL, '2023-06-30 19:46:22.838920', NULL),
(498, 38, 10, 33, NULL, '2023-06-30 19:46:22.839145', NULL),
(499, 38, 10, 98, NULL, '2023-06-30 19:46:22.839403', NULL),
(500, 38, 10, 99, NULL, '2023-06-30 19:46:22.839636', NULL),
(501, 38, 10, 103, NULL, '2023-06-30 19:46:22.839855', NULL),
(502, 38, 10, 104, NULL, '2023-06-30 19:46:22.840077', NULL),
(503, 38, 10, 105, NULL, '2023-06-30 19:46:22.840320', NULL),
(504, 38, 10, 107, NULL, '2023-06-30 19:46:22.840580', NULL),
(505, 38, 10, 109, NULL, '2023-06-30 19:46:22.840803', NULL),
(506, 38, 10, 110, NULL, '2023-06-30 19:46:22.841019', NULL),
(507, 38, 11, 37, NULL, '2023-06-30 19:46:22.841271', NULL),
(508, 38, 11, 38, NULL, '2023-06-30 19:46:22.841506', NULL),
(509, 38, 11, 39, NULL, '2023-06-30 19:46:22.841733', NULL),
(510, 38, 11, 40, NULL, '2023-06-30 19:46:22.842031', NULL),
(511, 38, 11, 111, NULL, '2023-06-30 19:46:22.842285', NULL),
(512, 38, 12, 41, NULL, '2023-06-30 19:46:22.842533', NULL),
(513, 38, 12, 42, NULL, '2023-06-30 19:46:22.842767', NULL),
(514, 38, 12, 44, NULL, '2023-06-30 19:46:22.842992', NULL),
(515, 38, 12, 112, NULL, '2023-06-30 19:46:22.843270', NULL),
(516, 38, 12, 113, NULL, '2023-06-30 19:46:22.843507', NULL),
(517, 38, 13, 46, NULL, '2023-06-30 19:46:22.843734', NULL),
(518, 38, 13, 115, NULL, '2023-06-30 19:46:22.843961', NULL),
(519, 38, 13, 117, NULL, '2023-06-30 19:46:22.844182', NULL),
(520, 38, 13, 118, NULL, '2023-06-30 19:46:22.844473', NULL),
(521, 38, 13, 120, NULL, '2023-06-30 19:46:22.844707', NULL),
(522, 38, 13, 121, NULL, '2023-06-30 19:46:22.844938', NULL),
(523, 38, 13, 124, NULL, '2023-06-30 19:46:22.845162', NULL),
(524, 38, 13, 126, NULL, '2023-06-30 19:46:22.845426', NULL),
(525, 38, 13, 127, NULL, '2023-06-30 19:46:22.845650', NULL),
(526, 38, 14, NULL, 'answerTextViewOne', '2023-06-30 19:46:22.845875', NULL),
(527, 38, 15, NULL, 'answerTextViewtwo', '2023-06-30 19:46:22.846288', NULL),
(528, 38, 16, NULL, 'answerTextViewthree', '2023-06-30 19:46:22.846538', NULL),
(529, 34, 1, 1, NULL, '2023-07-16 16:32:51.925926', NULL),
(530, 34, 2, 3, NULL, '2023-07-16 16:32:51.926358', NULL),
(531, 34, 3, 5, NULL, '2023-07-16 16:32:51.926541', NULL),
(532, 34, 4, 64, NULL, '2023-07-16 16:32:51.926728', NULL),
(533, 34, 5, 13, NULL, '2023-07-16 16:32:51.926916', NULL),
(534, 34, 5, 14, NULL, '2023-07-16 16:32:51.927097', NULL),
(535, 34, 5, 15, NULL, '2023-07-16 16:32:51.927267', NULL),
(536, 34, 5, 16, NULL, '2023-07-16 16:32:51.927433', NULL),
(537, 34, 5, 130, NULL, '2023-07-16 16:32:51.927597', NULL),
(538, 34, 5, 133, NULL, '2023-07-16 16:32:51.927776', NULL),
(539, 34, 5, 135, NULL, '2023-07-16 16:32:51.927943', NULL),
(540, 34, 5, 136, NULL, '2023-07-16 16:32:51.928124', NULL),
(541, 34, 6, 18, NULL, '2023-07-16 16:32:51.928291', NULL),
(542, 34, 6, 19, NULL, '2023-07-16 16:32:51.928454', NULL),
(543, 34, 6, 20, NULL, '2023-07-16 16:32:51.928613', NULL),
(544, 34, 6, 148, NULL, '2023-07-16 16:32:51.928791', NULL),
(545, 34, 6, 149, NULL, '2023-07-16 16:32:51.928965', NULL),
(546, 34, 6, 150, NULL, '2023-07-16 16:32:51.929137', NULL),
(547, 34, 6, 151, NULL, '2023-07-16 16:32:51.929297', NULL),
(548, 34, 6, 152, NULL, '2023-07-16 16:32:51.929458', NULL),
(549, 34, 6, 153, NULL, '2023-07-16 16:32:51.929617', NULL),
(550, 34, 6, 154, NULL, '2023-07-16 16:32:51.929795', NULL),
(551, 34, 7, 21, NULL, '2023-07-16 16:32:51.929976', NULL),
(552, 34, 7, 22, NULL, '2023-07-16 16:32:51.930142', NULL),
(553, 34, 7, 23, NULL, '2023-07-16 16:32:51.930305', NULL),
(554, 34, 7, 24, NULL, '2023-07-16 16:32:51.930464', NULL),
(555, 34, 7, 162, NULL, '2023-07-16 16:32:51.930622', NULL),
(556, 34, 8, 69, NULL, '2023-07-16 16:32:51.930804', NULL),
(557, 34, 8, 72, NULL, '2023-07-16 16:32:51.930974', NULL),
(558, 34, 8, 78, NULL, '2023-07-16 16:32:51.931138', NULL),
(559, 34, 8, 81, NULL, '2023-07-16 16:32:51.931298', NULL),
(560, 34, 8, 83, NULL, '2023-07-16 16:32:51.931458', NULL),
(561, 34, 9, 29, NULL, '2023-07-16 16:32:51.931616', NULL),
(562, 34, 9, 30, NULL, '2023-07-16 16:32:51.931800', NULL),
(563, 34, 9, 89, NULL, '2023-07-16 16:32:51.931969', NULL),
(564, 34, 9, 95, NULL, '2023-07-16 16:32:51.932133', NULL),
(565, 34, 9, 96, NULL, '2023-07-16 16:32:51.932292', NULL),
(566, 34, 10, 99, NULL, '2023-07-16 16:32:51.932450', NULL),
(567, 34, 10, 103, NULL, '2023-07-16 16:32:51.932612', NULL),
(568, 34, 10, 104, NULL, '2023-07-16 16:32:51.932787', NULL),
(569, 34, 10, 107, NULL, '2023-07-16 16:32:51.932951', NULL),
(570, 34, 10, 109, NULL, '2023-07-16 16:32:51.933121', NULL),
(571, 34, 11, 37, NULL, '2023-07-16 16:32:51.933280', NULL),
(572, 34, 11, 38, NULL, '2023-07-16 16:32:51.933442', NULL),
(573, 34, 11, 39, NULL, '2023-07-16 16:32:51.933597', NULL),
(574, 34, 11, 40, NULL, '2023-07-16 16:32:51.933768', NULL),
(575, 34, 11, 111, NULL, '2023-07-16 16:32:51.933930', NULL),
(576, 34, 12, 41, NULL, '2023-07-16 16:32:51.934099', NULL),
(577, 34, 12, 42, NULL, '2023-07-16 16:32:51.934258', NULL),
(578, 34, 12, 44, NULL, '2023-07-16 16:32:51.934413', NULL),
(579, 34, 12, 112, NULL, '2023-07-16 16:32:51.934574', NULL),
(580, 34, 12, 113, NULL, '2023-07-16 16:32:51.934740', NULL),
(581, 34, 13, 117, NULL, '2023-07-16 16:32:51.934906', NULL),
(582, 34, 13, 122, NULL, '2023-07-16 16:32:51.935076', NULL),
(583, 34, 13, 123, NULL, '2023-07-16 16:32:51.935241', NULL),
(584, 34, 13, 124, NULL, '2023-07-16 16:32:51.935398', NULL),
(585, 34, 13, 125, NULL, '2023-07-16 16:32:51.935558', NULL),
(586, 34, 13, 126, NULL, '2023-07-16 16:32:51.935730', NULL),
(587, 34, 14, NULL, 'answerTextViewOne', '2023-07-16 16:32:51.935906', NULL),
(588, 34, 15, NULL, 'answerTextViewtwo', '2023-07-16 16:32:51.936080', NULL),
(589, 34, 16, NULL, 'answerTextViewthree', '2023-07-16 16:32:51.936253', NULL),
(590, 35, 1, 53, NULL, '2023-08-08 20:00:14.429135', NULL),
(591, 35, 2, 57, NULL, '2023-08-08 20:00:14.429514', NULL),
(592, 35, 3, 6, NULL, '2023-08-08 20:00:14.429746', NULL),
(593, 35, 4, 65, NULL, '2023-08-08 20:00:14.429970', NULL),
(594, 35, 8, 26, NULL, '2023-08-08 20:00:14.430189', NULL),
(595, 35, 8, 68, NULL, '2023-08-08 20:00:14.430383', NULL),
(596, 35, 8, 69, NULL, '2023-08-08 20:00:14.430577', NULL),
(597, 35, 8, 72, NULL, '2023-08-08 20:00:14.430782', NULL),
(598, 35, 8, 78, NULL, '2023-08-08 20:00:14.430993', NULL),
(599, 35, 9, 29, NULL, '2023-08-08 20:00:14.431188', NULL),
(600, 35, 9, 31, NULL, '2023-08-08 20:00:14.431380', NULL),
(601, 35, 9, 87, NULL, '2023-08-08 20:00:14.431570', NULL),
(602, 35, 9, 88, NULL, '2023-08-08 20:00:14.431769', NULL),
(603, 35, 9, 89, NULL, '2023-08-08 20:00:14.431976', NULL),
(604, 35, 10, 35, NULL, '2023-08-08 20:00:14.432177', NULL),
(605, 35, 10, 97, NULL, '2023-08-08 20:00:14.432368', NULL),
(606, 35, 10, 98, NULL, '2023-08-08 20:00:14.432555', NULL),
(607, 35, 10, 99, NULL, '2023-08-08 20:00:14.432758', NULL),
(608, 35, 10, 107, NULL, '2023-08-08 20:00:14.432965', NULL),
(609, 35, 11, 37, NULL, '2023-08-08 20:00:14.433179', NULL),
(610, 35, 11, 38, NULL, '2023-08-08 20:00:14.433370', NULL),
(611, 35, 11, 39, NULL, '2023-08-08 20:00:14.433561', NULL),
(612, 35, 11, 40, NULL, '2023-08-08 20:00:14.433764', NULL),
(613, 35, 11, 111, NULL, '2023-08-08 20:00:14.433972', NULL),
(614, 35, 12, 41, NULL, '2023-08-08 20:00:14.434174', NULL),
(615, 35, 12, 42, NULL, '2023-08-08 20:00:14.434366', NULL),
(616, 35, 12, 43, NULL, '2023-08-08 20:00:14.434553', NULL),
(617, 35, 12, 44, NULL, '2023-08-08 20:00:14.434751', NULL),
(618, 35, 12, 112, NULL, '2023-08-08 20:00:14.434954', NULL),
(619, 35, 13, 46, NULL, '2023-08-08 20:00:14.435163', NULL),
(620, 35, 13, 48, NULL, '2023-08-08 20:00:14.435355', NULL),
(621, 35, 13, 115, NULL, '2023-08-08 20:00:14.435547', NULL),
(622, 35, 13, 121, NULL, '2023-08-08 20:00:14.435744', NULL),
(623, 35, 13, 122, NULL, '2023-08-08 20:00:14.435977', NULL),
(624, 35, 13, 123, NULL, '2023-08-08 20:00:14.436180', NULL),
(625, 35, 14, NULL, 'answerTextViewOne', '2023-08-08 20:00:14.436380', NULL),
(626, 35, 15, NULL, 'answerTextViewtwo', '2023-08-08 20:00:14.436627', NULL),
(627, 35, 16, NULL, 'answerTextViewthree', '2023-08-08 20:00:14.436824', NULL),
(628, 42, 1, 1, NULL, '2023-08-18 09:17:54.945681', NULL),
(629, 42, 2, 3, NULL, '2023-08-18 09:17:54.946690', NULL),
(630, 42, 3, 5, NULL, '2023-08-18 09:17:54.946970', NULL),
(631, 42, 4, 59, NULL, '2023-08-18 09:17:54.947180', NULL),
(632, 42, 5, 13, NULL, '2023-08-18 09:17:54.947376', NULL),
(633, 42, 6, 17, NULL, '2023-08-18 09:17:54.947563', NULL),
(634, 42, 7, 21, NULL, '2023-08-18 09:17:54.947777', NULL),
(635, 42, 8, 25, NULL, '2023-08-18 09:17:54.947970', NULL),
(636, 42, 9, 29, NULL, '2023-08-18 09:17:54.948163', NULL),
(637, 42, 10, 33, NULL, '2023-08-18 09:17:54.948347', NULL),
(638, 42, 11, 37, NULL, '2023-08-18 09:17:54.948532', NULL),
(639, 42, 12, 41, NULL, '2023-08-18 09:17:54.948735', NULL),
(640, 42, 13, 45, NULL, '2023-08-18 09:17:54.948933', NULL),
(641, 42, 14, NULL, 'answerTextViewOne', '2023-08-18 09:17:54.949125', NULL),
(642, 42, 15, NULL, 'answerTextViewtwo', '2023-08-18 09:17:54.949314', NULL),
(643, 42, 16, NULL, 'answerTextViewthree', '2023-08-18 09:17:54.949501', NULL),
(644, 42, 1, 1, NULL, '2023-08-18 09:19:57.280680', NULL),
(645, 42, 2, 3, NULL, '2023-08-18 09:19:57.281357', NULL),
(646, 42, 3, 5, NULL, '2023-08-18 09:19:57.281624', NULL),
(647, 42, 4, 59, NULL, '2023-08-18 09:19:57.281881', NULL),
(648, 42, 5, 13, NULL, '2023-08-18 09:19:57.282165', NULL),
(649, 42, 6, 17, NULL, '2023-08-18 09:19:57.282420', NULL),
(650, 42, 7, 21, NULL, '2023-08-18 09:19:57.282687', NULL),
(651, 42, 8, 25, NULL, '2023-08-18 09:19:57.282956', NULL),
(652, 42, 9, 29, NULL, '2023-08-18 09:19:57.283224', NULL),
(653, 42, 10, 33, NULL, '2023-08-18 09:19:57.283478', NULL),
(654, 42, 11, 37, NULL, '2023-08-18 09:19:57.283736', NULL),
(655, 42, 12, 41, NULL, '2023-08-18 09:19:57.283992', NULL),
(656, 42, 13, 45, NULL, '2023-08-18 09:19:57.284262', NULL),
(657, 42, 14, NULL, 'answerTextViewOne', '2023-08-18 09:19:57.284533', NULL),
(658, 42, 15, NULL, 'answerTextViewtwo', '2023-08-18 09:19:57.284787', NULL),
(659, 42, 16, NULL, 'answerTextViewthree', '2023-08-18 09:19:57.285043', NULL),
(660, 42, 1, 1, NULL, '2023-08-18 09:31:20.720296', NULL),
(661, 42, 2, 3, NULL, '2023-08-18 09:31:20.721285', NULL),
(662, 42, 3, 5, NULL, '2023-08-18 09:31:20.721516', NULL),
(663, 42, 4, 59, NULL, '2023-08-18 09:31:20.721734', NULL),
(664, 42, 5, 13, NULL, '2023-08-18 09:31:20.721959', NULL),
(665, 42, 6, 17, NULL, '2023-08-18 09:31:20.722220', NULL),
(666, 42, 7, 21, NULL, '2023-08-18 09:31:20.722458', NULL),
(667, 42, 8, 25, NULL, '2023-08-18 09:31:20.722696', NULL),
(668, 42, 9, 29, NULL, '2023-08-18 09:31:20.722901', NULL),
(669, 42, 10, 33, NULL, '2023-08-18 09:31:20.723280', NULL),
(670, 42, 11, 37, NULL, '2023-08-18 09:31:20.723766', NULL),
(671, 42, 12, 41, NULL, '2023-08-18 09:31:20.724037', NULL),
(672, 42, 13, 45, NULL, '2023-08-18 09:31:20.724300', NULL),
(673, 42, 14, NULL, 'answerTextViewOne', '2023-08-18 09:31:20.724565', NULL),
(674, 42, 15, NULL, 'answerTextViewtwo', '2023-08-18 09:31:20.724818', NULL),
(675, 42, 16, NULL, 'answerTextViewthree', '2023-08-18 09:31:20.725090', NULL),
(676, 44, 1, 53, NULL, '2023-08-21 09:21:39.494779', NULL),
(677, 44, 1, 53, NULL, '2023-08-21 09:21:39.494744', NULL),
(678, 44, 2, 3, NULL, '2023-08-21 09:21:39.495612', NULL),
(679, 44, 2, 3, NULL, '2023-08-21 09:21:39.495671', NULL),
(680, 44, 3, 5, NULL, '2023-08-21 09:21:39.495951', NULL),
(681, 44, 3, 5, NULL, '2023-08-21 09:21:39.495999', NULL),
(682, 44, 4, 61, NULL, '2023-08-21 09:21:39.496252', NULL),
(683, 44, 4, 61, NULL, '2023-08-21 09:21:39.496278', NULL),
(684, 44, 8, 25, NULL, '2023-08-21 09:21:39.496581', NULL),
(685, 44, 8, 25, NULL, '2023-08-21 09:21:39.496606', NULL),
(686, 44, 8, 26, NULL, '2023-08-21 09:21:39.496952', NULL),
(687, 44, 8, 26, NULL, '2023-08-21 09:21:39.496978', NULL),
(688, 44, 8, 27, NULL, '2023-08-21 09:21:39.497251', NULL),
(689, 44, 8, 27, NULL, '2023-08-21 09:21:39.497277', NULL),
(690, 44, 8, 28, NULL, '2023-08-21 09:21:39.497541', NULL),
(691, 44, 8, 28, NULL, '2023-08-21 09:21:39.497566', NULL),
(692, 44, 8, 67, NULL, '2023-08-21 09:21:39.497859', NULL),
(693, 44, 8, 67, NULL, '2023-08-21 09:21:39.497883', NULL),
(694, 44, 8, 68, NULL, '2023-08-21 09:21:39.498175', NULL),
(695, 44, 8, 68, NULL, '2023-08-21 09:21:39.498229', NULL),
(696, 44, 8, 69, NULL, '2023-08-21 09:21:39.498452', NULL),
(697, 44, 8, 69, NULL, '2023-08-21 09:21:39.498476', NULL),
(698, 44, 8, 70, NULL, '2023-08-21 09:21:39.498794', NULL),
(699, 44, 8, 70, NULL, '2023-08-21 09:21:39.498838', NULL),
(700, 44, 9, 29, NULL, '2023-08-21 09:21:39.499146', NULL),
(701, 44, 9, 29, NULL, '2023-08-21 09:21:39.499258', NULL),
(702, 44, 9, 30, NULL, '2023-08-21 09:21:39.499498', NULL),
(703, 44, 9, 30, NULL, '2023-08-21 09:21:39.499529', NULL),
(704, 44, 10, 33, NULL, '2023-08-21 09:21:39.499900', NULL),
(705, 44, 10, 33, NULL, '2023-08-21 09:21:39.499914', NULL),
(706, 44, 10, 34, NULL, '2023-08-21 09:21:39.500294', NULL),
(707, 44, 10, 34, NULL, '2023-08-21 09:21:39.500327', NULL),
(708, 44, 10, 35, NULL, '2023-08-21 09:21:39.500593', NULL),
(709, 44, 10, 35, NULL, '2023-08-21 09:21:39.500618', NULL),
(710, 44, 10, 36, NULL, '2023-08-21 09:21:39.500943', NULL),
(711, 44, 10, 36, NULL, '2023-08-21 09:21:39.500968', NULL),
(712, 44, 11, 37, NULL, '2023-08-21 09:21:39.501241', NULL),
(713, 44, 11, 37, NULL, '2023-08-21 09:21:39.501265', NULL),
(714, 44, 12, 41, NULL, '2023-08-21 09:21:39.501546', NULL),
(715, 44, 12, 41, NULL, '2023-08-21 09:21:39.501573', NULL),
(716, 44, 13, 45, NULL, '2023-08-21 09:21:39.501905', NULL),
(717, 44, 13, 45, NULL, '2023-08-21 09:21:39.501924', NULL),
(718, 44, 14, NULL, 'answerTextViewOne', '2023-08-21 09:21:39.502260', NULL),
(719, 44, 14, NULL, 'answerTextViewOne', '2023-08-21 09:21:39.502294', NULL),
(720, 44, 15, NULL, 'answerTextViewtwo', '2023-08-21 09:21:39.502612', NULL),
(721, 44, 15, NULL, 'answerTextViewtwo', '2023-08-21 09:21:39.502640', NULL),
(722, 44, 16, NULL, 'answerTextViewthree', '2023-08-21 09:21:39.502986', NULL),
(723, 44, 16, NULL, 'answerTextViewthree', '2023-08-21 09:21:39.503019', NULL),
(724, 44, 1, 53, NULL, '2023-08-21 09:21:39.580772', NULL),
(725, 44, 2, 3, NULL, '2023-08-21 09:21:39.581370', NULL),
(726, 44, 3, 5, NULL, '2023-08-21 09:21:39.581596', NULL),
(727, 44, 4, 61, NULL, '2023-08-21 09:21:39.581837', NULL),
(728, 44, 8, 25, NULL, '2023-08-21 09:21:39.582056', NULL),
(729, 44, 8, 26, NULL, '2023-08-21 09:21:39.582247', NULL),
(730, 44, 8, 27, NULL, '2023-08-21 09:21:39.582461', NULL),
(731, 44, 8, 28, NULL, '2023-08-21 09:21:39.582664', NULL),
(732, 44, 8, 67, NULL, '2023-08-21 09:21:39.582869', NULL),
(733, 44, 8, 68, NULL, '2023-08-21 09:21:39.583066', NULL),
(734, 44, 8, 69, NULL, '2023-08-21 09:21:39.583254', NULL),
(735, 44, 8, 70, NULL, '2023-08-21 09:21:39.583447', NULL),
(736, 44, 9, 29, NULL, '2023-08-21 09:21:39.583644', NULL),
(737, 44, 9, 30, NULL, '2023-08-21 09:21:39.583845', NULL),
(738, 44, 10, 33, NULL, '2023-08-21 09:21:39.584042', NULL),
(739, 44, 10, 34, NULL, '2023-08-21 09:21:39.584233', NULL),
(740, 44, 10, 35, NULL, '2023-08-21 09:21:39.584420', NULL),
(741, 44, 10, 36, NULL, '2023-08-21 09:21:39.584612', NULL),
(742, 44, 11, 37, NULL, '2023-08-21 09:21:39.584829', NULL),
(743, 44, 12, 41, NULL, '2023-08-21 09:21:39.585040', NULL),
(744, 44, 13, 45, NULL, '2023-08-21 09:21:39.585234', NULL),
(745, 44, 14, NULL, 'answerTextViewOne', '2023-08-21 09:21:39.585439', NULL),
(746, 44, 15, NULL, 'answerTextViewtwo', '2023-08-21 09:21:39.585653', NULL),
(747, 44, 16, NULL, 'answerTextViewthree', '2023-08-21 09:21:39.585883', NULL),
(748, 44, 1, 53, NULL, '2023-08-21 09:21:39.740345', NULL),
(749, 44, 2, 3, NULL, '2023-08-21 09:21:39.741061', NULL),
(750, 44, 3, 5, NULL, '2023-08-21 09:21:39.741318', NULL),
(751, 44, 4, 61, NULL, '2023-08-21 09:21:39.741595', NULL),
(752, 44, 8, 25, NULL, '2023-08-21 09:21:39.741889', NULL),
(753, 44, 8, 26, NULL, '2023-08-21 09:21:39.742142', NULL),
(754, 44, 8, 27, NULL, '2023-08-21 09:21:39.742394', NULL),
(755, 44, 8, 28, NULL, '2023-08-21 09:21:39.742644', NULL),
(756, 44, 8, 67, NULL, '2023-08-21 09:21:39.742932', NULL),
(757, 44, 8, 68, NULL, '2023-08-21 09:21:39.743180', NULL),
(758, 44, 8, 69, NULL, '2023-08-21 09:21:39.743434', NULL),
(759, 44, 8, 70, NULL, '2023-08-21 09:21:39.743701', NULL),
(760, 44, 9, 29, NULL, '2023-08-21 09:21:39.743979', NULL),
(761, 44, 9, 30, NULL, '2023-08-21 09:21:39.744231', NULL),
(762, 44, 10, 33, NULL, '2023-08-21 09:21:39.744480', NULL),
(763, 44, 10, 34, NULL, '2023-08-21 09:21:39.744742', NULL),
(764, 44, 10, 35, NULL, '2023-08-21 09:21:39.745041', NULL),
(765, 44, 10, 36, NULL, '2023-08-21 09:21:39.745288', NULL),
(766, 44, 11, 37, NULL, '2023-08-21 09:21:39.745535', NULL),
(767, 44, 12, 41, NULL, '2023-08-21 09:21:39.745809', NULL),
(768, 44, 13, 45, NULL, '2023-08-21 09:21:39.746058', NULL),
(769, 44, 14, NULL, 'answerTextViewOne', '2023-08-21 09:21:39.746317', NULL),
(770, 44, 15, NULL, 'answerTextViewtwo', '2023-08-21 09:21:39.746578', NULL),
(771, 44, 16, NULL, 'answerTextViewthree', '2023-08-21 09:21:39.746883', NULL),
(772, 44, 1, 1, NULL, '2023-08-21 09:24:16.484277', NULL),
(773, 44, 2, 3, NULL, '2023-08-21 09:24:16.485113', NULL),
(774, 44, 3, 5, NULL, '2023-08-21 09:24:16.485411', NULL),
(775, 44, 4, 61, NULL, '2023-08-21 09:24:16.485691', NULL),
(776, 44, 8, 25, NULL, '2023-08-21 09:24:16.485981', NULL),
(777, 44, 8, 26, NULL, '2023-08-21 09:24:16.486252', NULL),
(778, 44, 9, 29, NULL, '2023-08-21 09:24:16.486541', NULL),
(779, 44, 10, 35, NULL, '2023-08-21 09:24:16.486809', NULL),
(780, 44, 10, 36, NULL, '2023-08-21 09:24:16.487076', NULL),
(781, 44, 11, 37, NULL, '2023-08-21 09:24:16.487377', NULL),
(782, 44, 12, 41, NULL, '2023-08-21 09:24:16.487653', NULL),
(783, 44, 13, 45, NULL, '2023-08-21 09:24:16.487925', NULL),
(784, 44, 14, NULL, 'answerTextViewOne', '2023-08-21 09:24:16.488218', NULL),
(785, 44, 15, NULL, 'answerTextViewtwo', '2023-08-21 09:24:16.488503', NULL),
(786, 44, 16, NULL, 'answerTextViewthree', '2023-08-21 09:24:16.488768', NULL),
(787, 48, 1, 1, NULL, '2023-08-22 10:45:54.255176', NULL),
(788, 48, 2, 3, NULL, '2023-08-22 10:45:54.255870', NULL),
(789, 48, 3, 5, NULL, '2023-08-22 10:45:54.256108', NULL),
(790, 48, 4, 60, NULL, '2023-08-22 10:45:54.256326', NULL),
(791, 48, 5, 14, NULL, '2023-08-22 10:45:54.256538', NULL),
(792, 48, 6, 149, NULL, '2023-08-22 10:45:54.256748', NULL),
(793, 48, 6, 18, NULL, '2023-08-22 10:45:54.256974', NULL),
(794, 48, 6, 148, NULL, '2023-08-22 10:45:54.257187', NULL),
(795, 48, 6, 152, NULL, '2023-08-22 10:45:54.257400', NULL),
(796, 48, 6, 17, NULL, '2023-08-22 10:45:54.257600', NULL),
(797, 48, 6, 150, NULL, '2023-08-22 10:45:54.257814', NULL),
(798, 48, 6, 20, NULL, '2023-08-22 10:45:54.258032', NULL),
(799, 48, 6, 151, NULL, '2023-08-22 10:45:54.258253', NULL),
(800, 48, 6, 153, NULL, '2023-08-22 10:45:54.258759', NULL),
(801, 48, 7, 21, NULL, '2023-08-22 10:45:54.259038', NULL),
(802, 48, 7, 23, NULL, '2023-08-22 10:45:54.259290', NULL),
(803, 48, 7, 24, NULL, '2023-08-22 10:45:54.259537', NULL),
(804, 48, 7, 22, NULL, '2023-08-22 10:45:54.259812', NULL),
(805, 48, 8, 25, NULL, '2023-08-22 10:45:54.260076', NULL),
(806, 48, 8, 26, NULL, '2023-08-22 10:45:54.260332', NULL),
(807, 48, 8, 27, NULL, '2023-08-22 10:45:54.260581', NULL),
(808, 48, 8, 28, NULL, '2023-08-22 10:45:54.260858', NULL),
(809, 48, 8, 67, NULL, '2023-08-22 10:45:54.261127', NULL),
(810, 48, 9, 29, NULL, '2023-08-22 10:45:54.261377', NULL),
(811, 48, 9, 30, NULL, '2023-08-22 10:45:54.261625', NULL),
(812, 48, 10, 35, NULL, '2023-08-22 10:45:54.261911', NULL),
(813, 48, 10, 34, NULL, '2023-08-22 10:45:54.262211', NULL),
(814, 48, 11, 38, NULL, '2023-08-22 10:45:54.262464', NULL),
(815, 48, 11, 40, NULL, '2023-08-22 10:45:54.262713', NULL),
(816, 48, 12, 41, NULL, '2023-08-22 10:45:54.262979', NULL),
(817, 48, 12, 42, NULL, '2023-08-22 10:45:54.263238', NULL),
(818, 48, 13, 45, NULL, '2023-08-22 10:45:54.263483', NULL),
(819, 48, 13, 46, NULL, '2023-08-22 10:45:54.263735', NULL),
(820, 48, 14, NULL, 'Testing', '2023-08-22 10:45:54.264034', NULL),
(821, 48, 15, NULL, 'Testing', '2023-08-22 10:45:54.264285', NULL),
(822, 48, 16, NULL, 'No', '2023-08-22 10:45:54.264532', NULL),
(823, 48, 1, 1, NULL, '2023-08-22 10:47:40.745436', NULL),
(824, 48, 2, 3, NULL, '2023-08-22 10:47:40.746078', NULL),
(825, 48, 3, 5, NULL, '2023-08-22 10:47:40.746319', NULL),
(826, 48, 4, 60, NULL, '2023-08-22 10:47:40.746541', NULL),
(827, 48, 5, 14, NULL, '2023-08-22 10:47:40.746753', NULL),
(828, 48, 6, 149, NULL, '2023-08-22 10:47:40.746949', NULL),
(829, 48, 6, 18, NULL, '2023-08-22 10:47:40.747175', NULL),
(830, 48, 6, 148, NULL, '2023-08-22 10:47:40.747374', NULL),
(831, 48, 6, 152, NULL, '2023-08-22 10:47:40.747569', NULL),
(832, 48, 6, 17, NULL, '2023-08-22 10:47:40.747766', NULL),
(833, 48, 6, 150, NULL, '2023-08-22 10:47:40.747978', NULL),
(834, 48, 6, 20, NULL, '2023-08-22 10:47:40.748623', NULL),
(835, 48, 6, 151, NULL, '2023-08-22 10:47:40.748886', NULL),
(836, 48, 6, 153, NULL, '2023-08-22 10:47:40.749148', NULL);
INSERT INTO `question_solution` (`id`, `user_id`, `question_id`, `option_id`, `text`, `created_at`, `updated_at`) VALUES
(837, 48, 7, 21, NULL, '2023-08-22 10:47:40.749364', NULL),
(838, 48, 7, 23, NULL, '2023-08-22 10:47:40.749575', NULL),
(839, 48, 7, 24, NULL, '2023-08-22 10:47:40.749781', NULL),
(840, 48, 7, 22, NULL, '2023-08-22 10:47:40.750007', NULL),
(841, 48, 8, 25, NULL, '2023-08-22 10:47:40.750263', NULL),
(842, 48, 8, 26, NULL, '2023-08-22 10:47:40.750503', NULL),
(843, 48, 8, 27, NULL, '2023-08-22 10:47:40.750725', NULL),
(844, 48, 8, 28, NULL, '2023-08-22 10:47:40.750951', NULL),
(845, 48, 8, 67, NULL, '2023-08-22 10:47:40.751185', NULL),
(846, 48, 9, 29, NULL, '2023-08-22 10:47:40.751408', NULL),
(847, 48, 9, 30, NULL, '2023-08-22 10:47:40.751620', NULL),
(848, 48, 10, 35, NULL, '2023-08-22 10:47:40.751835', NULL),
(849, 48, 10, 34, NULL, '2023-08-22 10:47:40.752074', NULL),
(850, 48, 11, 38, NULL, '2023-08-22 10:47:40.752316', NULL),
(851, 48, 11, 40, NULL, '2023-08-22 10:47:40.752541', NULL),
(852, 48, 12, 41, NULL, '2023-08-22 10:47:40.752753', NULL),
(853, 48, 12, 42, NULL, '2023-08-22 10:47:40.752960', NULL),
(854, 48, 13, 45, NULL, '2023-08-22 10:47:40.753174', NULL),
(855, 48, 13, 46, NULL, '2023-08-22 10:47:40.753381', NULL),
(856, 48, 14, NULL, 'Testing', '2023-08-22 10:47:40.753641', NULL),
(857, 48, 15, NULL, 'Testing', '2023-08-22 10:47:40.753847', NULL),
(858, 48, 16, NULL, 'No', '2023-08-22 10:47:40.754066', NULL),
(859, 51, 1, 1, NULL, '2023-08-23 05:35:08.363623', NULL),
(860, 51, 2, 3, NULL, '2023-08-23 05:35:08.364488', NULL),
(861, 51, 3, 6, NULL, '2023-08-23 05:35:08.364704', NULL),
(862, 51, 4, 61, NULL, '2023-08-23 05:35:08.364929', NULL),
(863, 51, 5, 13, NULL, '2023-08-23 05:35:08.365141', NULL),
(864, 51, 5, 14, NULL, '2023-08-23 05:35:08.365346', NULL),
(865, 51, 5, 15, NULL, '2023-08-23 05:35:08.365548', NULL),
(866, 51, 5, 16, NULL, '2023-08-23 05:35:08.365736', NULL),
(867, 51, 5, 130, NULL, '2023-08-23 05:35:08.365973', NULL),
(868, 51, 5, 131, NULL, '2023-08-23 05:35:08.366179', NULL),
(869, 51, 5, 132, NULL, '2023-08-23 05:35:08.366376', NULL),
(870, 51, 5, 133, NULL, '2023-08-23 05:35:08.366588', NULL),
(871, 51, 6, 17, NULL, '2023-08-23 05:35:08.366789', NULL),
(872, 51, 6, 18, NULL, '2023-08-23 05:35:08.366998', NULL),
(873, 51, 6, 19, NULL, '2023-08-23 05:35:08.367219', NULL),
(874, 51, 6, 20, NULL, '2023-08-23 05:35:08.367432', NULL),
(875, 51, 6, 148, NULL, '2023-08-23 05:35:08.367646', NULL),
(876, 51, 6, 149, NULL, '2023-08-23 05:35:08.371384', NULL),
(877, 51, 7, 21, NULL, '2023-08-23 05:35:08.371588', NULL),
(878, 51, 7, 22, NULL, '2023-08-23 05:35:08.371733', NULL),
(879, 51, 8, 25, NULL, '2023-08-23 05:35:08.371901', NULL),
(880, 51, 8, 26, NULL, '2023-08-23 05:35:08.372044', NULL),
(881, 51, 9, 29, NULL, '2023-08-23 05:35:08.372199', NULL),
(882, 51, 9, 30, NULL, '2023-08-23 05:35:08.372346', NULL),
(883, 51, 10, 33, NULL, '2023-08-23 05:35:08.372498', NULL),
(884, 51, 10, 34, NULL, '2023-08-23 05:35:08.372650', NULL),
(885, 51, 11, 37, NULL, '2023-08-23 05:35:08.372790', NULL),
(886, 51, 11, 38, NULL, '2023-08-23 05:35:08.372943', NULL),
(887, 51, 12, 41, NULL, '2023-08-23 05:35:08.373085', NULL),
(888, 51, 12, 42, NULL, '2023-08-23 05:35:08.373277', NULL),
(889, 51, 13, 45, NULL, '2023-08-23 05:35:08.373422', NULL),
(890, 51, 13, 46, NULL, '2023-08-23 05:35:08.373560', NULL),
(891, 51, 14, NULL, 'No', '2023-08-23 05:35:08.373708', NULL),
(892, 51, 15, NULL, 'Noonoo', '2023-08-23 05:35:08.373884', NULL),
(893, 51, 16, NULL, 'Noo', '2023-08-23 05:35:08.374029', NULL),
(894, 52, 1, 2, NULL, '2023-08-23 06:39:40.071948', NULL),
(895, 52, 2, 3, NULL, '2023-08-23 06:39:40.072469', NULL),
(896, 52, 3, 5, NULL, '2023-08-23 06:39:40.072684', NULL),
(897, 52, 4, 59, NULL, '2023-08-23 06:39:40.072890', NULL),
(898, 52, 5, 13, NULL, '2023-08-23 06:39:40.073087', NULL),
(899, 52, 5, 16, NULL, '2023-08-23 06:39:40.073288', NULL),
(900, 52, 6, 18, NULL, '2023-08-23 06:39:40.073555', NULL),
(901, 52, 6, 20, NULL, '2023-08-23 06:39:40.073739', NULL),
(902, 52, 7, 22, NULL, '2023-08-23 06:39:40.073979', NULL),
(903, 52, 8, 25, NULL, '2023-08-23 06:39:40.074187', NULL),
(904, 52, 8, 26, NULL, '2023-08-23 06:39:40.074399', NULL),
(905, 52, 9, 29, NULL, '2023-08-23 06:39:40.074665', NULL),
(906, 52, 9, 30, NULL, '2023-08-23 06:39:40.074940', NULL),
(907, 52, 10, 33, NULL, '2023-08-23 06:39:40.075183', NULL),
(908, 52, 10, 34, NULL, '2023-08-23 06:39:40.075390', NULL),
(909, 52, 11, 37, NULL, '2023-08-23 06:39:40.075572', NULL),
(910, 52, 11, 38, NULL, '2023-08-23 06:39:40.075748', NULL),
(911, 52, 12, 41, NULL, '2023-08-23 06:39:40.075947', NULL),
(912, 52, 12, 42, NULL, '2023-08-23 06:39:40.076131', NULL),
(913, 52, 13, 45, NULL, '2023-08-23 06:39:40.076313', NULL),
(914, 52, 13, 46, NULL, '2023-08-23 06:39:40.076578', NULL),
(915, 52, 14, NULL, 'Testing', '2023-08-23 06:39:40.076797', NULL),
(916, 52, 15, NULL, 'Testingg', '2023-08-23 06:39:40.076990', NULL),
(917, 52, 16, NULL, 'Testinggg', '2023-08-23 06:39:40.077181', NULL),
(918, 48, 1, 54, NULL, '2023-08-23 07:18:30.030268', NULL),
(919, 48, 2, 3, NULL, '2023-08-23 07:18:30.031194', NULL),
(920, 48, 3, 5, NULL, '2023-08-23 07:18:30.031492', NULL),
(921, 48, 4, 60, NULL, '2023-08-23 07:18:30.031803', NULL),
(922, 48, 5, 14, NULL, '2023-08-23 07:18:30.032121', NULL),
(923, 48, 5, 16, NULL, '2023-08-23 07:18:30.032404', NULL),
(924, 48, 6, 18, NULL, '2023-08-23 07:18:30.032701', NULL),
(925, 48, 6, 20, NULL, '2023-08-23 07:18:30.033000', NULL),
(926, 48, 7, 22, NULL, '2023-08-23 07:18:30.033282', NULL),
(927, 48, 7, 21, NULL, '2023-08-23 07:18:30.033567', NULL),
(928, 48, 8, 26, NULL, '2023-08-23 07:18:30.033873', NULL),
(929, 48, 8, 28, NULL, '2023-08-23 07:18:30.034174', NULL),
(930, 48, 9, 30, NULL, '2023-08-23 07:18:30.034458', NULL),
(931, 48, 10, 34, NULL, '2023-08-23 07:18:30.034754', NULL),
(932, 48, 11, 38, NULL, '2023-08-23 07:18:30.035056', NULL),
(933, 48, 12, 42, NULL, '2023-08-23 07:18:30.035342', NULL),
(934, 48, 13, 46, NULL, '2023-08-23 07:18:30.035633', NULL),
(935, 48, 14, NULL, 'No', '2023-08-23 07:18:30.035930', NULL),
(936, 48, 15, NULL, 'No', '2023-08-23 07:18:30.036254', NULL),
(937, 48, 16, NULL, 'No', '2023-08-23 07:18:30.036538', NULL),
(938, 54, 1, 2, NULL, '2023-08-23 11:13:02.589194', NULL),
(939, 54, 2, 3, NULL, '2023-08-23 11:13:02.589885', NULL),
(940, 54, 3, 5, NULL, '2023-08-23 11:13:02.590116', NULL),
(941, 54, 4, 59, NULL, '2023-08-23 11:13:02.590338', NULL),
(942, 54, 5, 13, NULL, '2023-08-23 11:13:02.590538', NULL),
(943, 54, 5, 14, NULL, '2023-08-23 11:13:02.590728', NULL),
(944, 54, 5, 16, NULL, '2023-08-23 11:13:02.590939', NULL),
(945, 54, 5, 15, NULL, '2023-08-23 11:13:02.591143', NULL),
(946, 54, 5, 130, NULL, '2023-08-23 11:13:02.591340', NULL),
(947, 54, 5, 133, NULL, '2023-08-23 11:13:02.591530', NULL),
(948, 54, 6, 17, NULL, '2023-08-23 11:13:02.591712', NULL),
(949, 54, 6, 18, NULL, '2023-08-23 11:13:02.591905', NULL),
(950, 54, 6, 20, NULL, '2023-08-23 11:13:02.592096', NULL),
(951, 54, 6, 19, NULL, '2023-08-23 11:13:02.592297', NULL),
(952, 54, 7, 21, NULL, '2023-08-23 11:13:02.592487', NULL),
(953, 54, 7, 22, NULL, '2023-08-23 11:13:02.592679', NULL),
(954, 54, 8, 25, NULL, '2023-08-23 11:13:02.592886', NULL),
(955, 54, 8, 26, NULL, '2023-08-23 11:13:02.593084', NULL),
(956, 54, 8, 27, NULL, '2023-08-23 11:13:02.593283', NULL),
(957, 54, 8, 28, NULL, '2023-08-23 11:13:02.593474', NULL),
(958, 54, 8, 67, NULL, '2023-08-23 11:13:02.593663', NULL),
(959, 54, 8, 68, NULL, '2023-08-23 11:13:02.593864', NULL),
(960, 54, 9, 85, NULL, '2023-08-23 11:13:02.594064', NULL),
(961, 54, 9, 86, NULL, '2023-08-23 11:13:02.594274', NULL),
(962, 54, 9, 29, NULL, '2023-08-23 11:13:02.594462', NULL),
(963, 54, 10, 33, NULL, '2023-08-23 11:13:02.594655', NULL),
(964, 54, 10, 34, NULL, '2023-08-23 11:13:02.594859', NULL),
(965, 54, 11, 37, NULL, '2023-08-23 11:13:02.595149', NULL),
(966, 54, 11, 38, NULL, '2023-08-23 11:13:02.595346', NULL),
(967, 54, 12, 41, NULL, '2023-08-23 11:13:02.595534', NULL),
(968, 54, 12, 42, NULL, '2023-08-23 11:13:02.595719', NULL),
(969, 54, 13, 45, NULL, '2023-08-23 11:13:02.595936', NULL),
(970, 54, 13, 46, NULL, '2023-08-23 11:13:02.596139', NULL),
(971, 54, 14, NULL, 'No', '2023-08-23 11:13:02.596360', NULL),
(972, 54, 15, NULL, 'No', '2023-08-23 11:13:02.596552', NULL),
(973, 54, 16, NULL, 'No', '2023-08-23 11:13:02.596743', NULL),
(974, 54, 1, 2, NULL, '2023-08-23 11:14:06.143132', NULL),
(975, 54, 2, 3, NULL, '2023-08-23 11:14:06.143735', NULL),
(976, 54, 3, 5, NULL, '2023-08-23 11:14:06.144006', NULL),
(977, 54, 4, 59, NULL, '2023-08-23 11:14:06.144265', NULL),
(978, 54, 5, 13, NULL, '2023-08-23 11:14:06.144527', NULL),
(979, 54, 5, 14, NULL, '2023-08-23 11:14:06.144784', NULL),
(980, 54, 5, 16, NULL, '2023-08-23 11:14:06.145062', NULL),
(981, 54, 5, 15, NULL, '2023-08-23 11:14:06.145313', NULL),
(982, 54, 5, 130, NULL, '2023-08-23 11:14:06.145562', NULL),
(983, 54, 5, 133, NULL, '2023-08-23 11:14:06.145830', NULL),
(984, 54, 6, 17, NULL, '2023-08-23 11:14:06.146094', NULL),
(985, 54, 6, 18, NULL, '2023-08-23 11:14:06.146345', NULL),
(986, 54, 6, 20, NULL, '2023-08-23 11:14:06.146592', NULL),
(987, 54, 6, 19, NULL, '2023-08-23 11:14:06.146862', NULL),
(988, 54, 7, 21, NULL, '2023-08-23 11:14:06.147119', NULL),
(989, 54, 7, 22, NULL, '2023-08-23 11:14:06.147437', NULL),
(990, 54, 8, 25, NULL, '2023-08-23 11:14:06.147693', NULL),
(991, 54, 8, 26, NULL, '2023-08-23 11:14:06.147953', NULL),
(992, 54, 8, 27, NULL, '2023-08-23 11:14:06.148201', NULL),
(993, 54, 8, 28, NULL, '2023-08-23 11:14:06.148439', NULL),
(994, 54, 8, 67, NULL, '2023-08-23 11:14:06.148673', NULL),
(995, 54, 8, 68, NULL, '2023-08-23 11:14:06.148923', NULL),
(996, 54, 9, 85, NULL, '2023-08-23 11:14:06.149169', NULL),
(997, 54, 9, 86, NULL, '2023-08-23 11:14:06.149407', NULL),
(998, 54, 9, 29, NULL, '2023-08-23 11:14:06.149640', NULL),
(999, 54, 10, 33, NULL, '2023-08-23 11:14:06.149898', NULL),
(1000, 54, 10, 34, NULL, '2023-08-23 11:14:06.150142', NULL),
(1001, 54, 11, 37, NULL, '2023-08-23 11:14:06.150380', NULL),
(1002, 54, 11, 38, NULL, '2023-08-23 11:14:06.150721', NULL),
(1003, 54, 12, 41, NULL, '2023-08-23 11:14:06.150971', NULL),
(1004, 54, 12, 42, NULL, '2023-08-23 11:14:06.151214', NULL),
(1005, 54, 13, 45, NULL, '2023-08-23 11:14:06.151450', NULL),
(1006, 54, 13, 46, NULL, '2023-08-23 11:14:06.151684', NULL),
(1007, 54, 14, NULL, 'No', '2023-08-23 11:14:06.151964', NULL),
(1008, 54, 15, NULL, 'No', '2023-08-23 11:14:06.152214', NULL),
(1009, 54, 16, NULL, 'No', '2023-08-23 11:14:06.152451', NULL),
(1010, 53, 1, 53, NULL, '2023-08-24 11:17:57.155479', NULL),
(1011, 53, 2, 4, NULL, '2023-08-24 11:17:57.156453', NULL),
(1012, 53, 3, 6, NULL, '2023-08-24 11:17:57.156664', NULL),
(1013, 53, 4, 64, NULL, '2023-08-24 11:17:57.156881', NULL),
(1014, 53, 5, 133, NULL, '2023-08-24 11:17:57.157279', NULL),
(1015, 53, 5, 131, NULL, '2023-08-24 11:17:57.157631', NULL),
(1016, 53, 5, 136, NULL, '2023-08-24 11:17:57.157907', NULL),
(1017, 53, 6, 17, NULL, '2023-08-24 11:17:57.158186', NULL),
(1018, 53, 6, 18, NULL, '2023-08-24 11:17:57.158439', NULL),
(1019, 53, 6, 151, NULL, '2023-08-24 11:17:57.158689', NULL),
(1020, 53, 6, 153, NULL, '2023-08-24 11:17:57.158953', NULL),
(1021, 53, 7, 162, NULL, '2023-08-24 11:17:57.159214', NULL),
(1022, 53, 8, 70, NULL, '2023-08-24 11:17:57.159469', NULL),
(1023, 53, 8, 26, NULL, '2023-08-24 11:17:57.159715', NULL),
(1024, 53, 8, 81, NULL, '2023-08-24 11:17:57.159979', NULL),
(1025, 53, 9, 29, NULL, '2023-08-24 11:17:57.160264', NULL),
(1026, 53, 9, 31, NULL, '2023-08-24 11:17:57.160511', NULL),
(1027, 53, 9, 86, NULL, '2023-08-24 11:17:57.160759', NULL),
(1028, 53, 10, 35, NULL, '2023-08-24 11:17:57.161031', NULL),
(1029, 53, 11, 38, NULL, '2023-08-24 11:17:57.161282', NULL),
(1030, 53, 12, 41, NULL, '2023-08-24 11:17:57.161530', NULL),
(1031, 53, 13, 46, NULL, '2023-08-24 11:17:57.161781', NULL),
(1032, 53, 13, 48, NULL, '2023-08-24 11:17:57.162056', NULL),
(1033, 53, 13, 45, NULL, '2023-08-24 11:17:57.162328', NULL),
(1034, 53, 14, NULL, 'OPTIMUM NUTRITION isolate whey', '2023-08-24 11:17:57.162582', NULL),
(1035, 53, 15, NULL, 'no', '2023-08-24 11:17:57.162889', NULL),
(1036, 53, 16, NULL, 'no', '2023-08-24 11:17:57.163150', NULL),
(1037, 54, 1, 1, NULL, '2023-08-29 04:25:12.554348', NULL),
(1038, 54, 2, 4, NULL, '2023-08-29 04:25:12.555074', NULL),
(1039, 54, 3, 5, NULL, '2023-08-29 04:25:12.555309', NULL),
(1040, 54, 4, 62, NULL, '2023-08-29 04:25:12.555524', NULL),
(1041, 54, 5, 13, NULL, '2023-08-29 04:25:12.555742', NULL),
(1042, 54, 6, 17, NULL, '2023-08-29 04:25:12.555965', NULL),
(1043, 54, 7, 21, NULL, '2023-08-29 04:25:12.556187', NULL),
(1044, 54, 8, 25, NULL, '2023-08-29 04:25:12.556398', NULL),
(1045, 54, 9, 29, NULL, '2023-08-29 04:25:12.556599', NULL),
(1046, 54, 10, 33, NULL, '2023-08-29 04:25:12.556799', NULL),
(1047, 54, 11, 37, NULL, '2023-08-29 04:25:12.557015', NULL),
(1048, 54, 12, 41, NULL, '2023-08-29 04:25:12.557229', NULL),
(1049, 54, 13, 119, NULL, '2023-08-29 04:25:12.557435', NULL),
(1050, 54, 14, NULL, 'asdad', '2023-08-29 04:25:12.557645', NULL),
(1051, 54, 15, NULL, 'adasd', '2023-08-29 04:25:12.557857', NULL),
(1052, 54, 16, NULL, 'adasd', '2023-08-29 04:25:12.558066', NULL),
(1053, 21, 1, 1, NULL, '2023-08-29 04:28:16.029403', NULL),
(1054, 21, 2, 3, NULL, '2023-08-29 04:28:16.029866', NULL),
(1055, 21, 3, 5, NULL, '2023-08-29 04:28:16.030138', NULL),
(1056, 21, 4, 59, NULL, '2023-08-29 04:28:16.030475', NULL),
(1057, 21, 5, 13, NULL, '2023-08-29 04:28:16.030738', NULL),
(1058, 21, 6, 17, NULL, '2023-08-29 04:28:16.031003', NULL),
(1059, 21, 7, 21, NULL, '2023-08-29 04:28:16.031276', NULL),
(1060, 21, 8, 25, NULL, '2023-08-29 04:28:16.031536', NULL),
(1061, 21, 9, 29, NULL, '2023-08-29 04:28:16.031787', NULL),
(1062, 21, 10, 33, NULL, '2023-08-29 04:28:16.032053', NULL),
(1063, 21, 11, 37, NULL, '2023-08-29 04:28:16.032323', NULL),
(1064, 21, 12, 41, NULL, '2023-08-29 04:28:16.032573', NULL),
(1065, 21, 13, 45, NULL, '2023-08-29 04:28:16.032825', NULL),
(1066, 21, 14, NULL, 'answerTextViewOne', '2023-08-29 04:28:16.033096', NULL),
(1067, 21, 15, NULL, 'answerTextViewtwo', '2023-08-29 04:28:16.033362', NULL),
(1068, 21, 16, NULL, 'answerTextViewthree', '2023-08-29 04:28:16.033612', NULL),
(1069, 54, 1, 1, NULL, '2023-08-29 04:30:28.118424', NULL),
(1070, 54, 1, 2, NULL, '2023-08-29 04:30:28.119030', NULL),
(1071, 54, 1, 53, NULL, '2023-08-29 04:30:28.119350', NULL),
(1072, 54, 1, 54, NULL, '2023-08-29 04:30:28.119542', NULL),
(1073, 54, 1, 55, NULL, '2023-08-29 04:30:28.119724', NULL),
(1074, 54, 1, 56, NULL, '2023-08-29 04:30:28.119922', NULL),
(1075, 54, 2, 3, NULL, '2023-08-29 04:30:28.120108', NULL),
(1076, 54, 2, 4, NULL, '2023-08-29 04:30:28.120303', NULL),
(1077, 54, 2, 57, NULL, '2023-08-29 04:30:28.120482', NULL),
(1078, 54, 2, 58, NULL, '2023-08-29 04:30:28.120660', NULL),
(1079, 54, 3, 5, NULL, '2023-08-29 04:30:28.120842', NULL),
(1080, 54, 3, 6, NULL, '2023-08-29 04:30:28.121031', NULL),
(1081, 54, 3, 7, NULL, '2023-08-29 04:30:28.121210', NULL),
(1082, 54, 4, 59, NULL, '2023-08-29 04:30:28.121396', NULL),
(1083, 54, 4, 60, NULL, '2023-08-29 04:30:28.121582', NULL),
(1084, 54, 4, 61, NULL, '2023-08-29 04:30:28.121762', NULL),
(1085, 54, 4, 62, NULL, '2023-08-29 04:30:28.121952', NULL),
(1086, 54, 4, 63, NULL, '2023-08-29 04:30:28.122139', NULL),
(1087, 54, 4, 64, NULL, '2023-08-29 04:30:28.122328', NULL),
(1088, 54, 4, 65, NULL, '2023-08-29 04:30:28.122505', NULL),
(1089, 54, 4, 66, NULL, '2023-08-29 04:30:28.122679', NULL),
(1090, 54, 5, 13, NULL, '2023-08-29 04:30:28.122874', NULL),
(1091, 54, 5, 14, NULL, '2023-08-29 04:30:28.123064', NULL),
(1092, 54, 5, 15, NULL, '2023-08-29 04:30:28.123304', NULL),
(1093, 54, 5, 16, NULL, '2023-08-29 04:30:28.123509', NULL),
(1094, 54, 5, 130, NULL, '2023-08-29 04:30:28.123690', NULL),
(1095, 54, 5, 131, NULL, '2023-08-29 04:30:28.123879', NULL),
(1096, 54, 5, 132, NULL, '2023-08-29 04:30:28.124063', NULL),
(1097, 54, 5, 133, NULL, '2023-08-29 04:30:28.124247', NULL),
(1098, 54, 5, 134, NULL, '2023-08-29 04:30:28.124429', NULL),
(1099, 54, 5, 135, NULL, '2023-08-29 04:30:28.124602', NULL),
(1100, 54, 5, 136, NULL, '2023-08-29 04:30:28.124779', NULL),
(1101, 54, 6, 17, NULL, '2023-08-29 04:30:28.124964', NULL),
(1102, 54, 6, 18, NULL, '2023-08-29 04:30:28.125158', NULL),
(1103, 54, 6, 19, NULL, '2023-08-29 04:30:28.125349', NULL),
(1104, 54, 6, 20, NULL, '2023-08-29 04:30:28.125526', NULL),
(1105, 54, 6, 148, NULL, '2023-08-29 04:30:28.125702', NULL),
(1106, 54, 6, 149, NULL, '2023-08-29 04:30:28.125894', NULL),
(1107, 54, 6, 150, NULL, '2023-08-29 04:30:28.126084', NULL),
(1108, 54, 6, 151, NULL, '2023-08-29 04:30:28.126265', NULL),
(1109, 54, 6, 152, NULL, '2023-08-29 04:30:28.126444', NULL),
(1110, 54, 6, 153, NULL, '2023-08-29 04:30:28.126620', NULL),
(1111, 54, 6, 154, NULL, '2023-08-29 04:30:28.126797', NULL),
(1112, 54, 7, 21, NULL, '2023-08-29 04:30:28.126985', NULL),
(1113, 54, 7, 22, NULL, '2023-08-29 04:30:28.127164', NULL),
(1114, 54, 7, 23, NULL, '2023-08-29 04:30:28.127356', NULL),
(1115, 54, 7, 24, NULL, '2023-08-29 04:30:28.127533', NULL),
(1116, 54, 7, 162, NULL, '2023-08-29 04:30:28.127711', NULL),
(1117, 54, 8, 25, NULL, '2023-08-29 04:30:28.127921', NULL),
(1118, 54, 8, 26, NULL, '2023-08-29 04:30:28.128112', NULL),
(1119, 54, 8, 27, NULL, '2023-08-29 04:30:28.128314', NULL),
(1120, 54, 8, 28, NULL, '2023-08-29 04:30:28.128505', NULL),
(1121, 54, 8, 67, NULL, '2023-08-29 04:30:28.128680', NULL),
(1122, 54, 8, 68, NULL, '2023-08-29 04:30:28.128857', NULL),
(1123, 54, 8, 69, NULL, '2023-08-29 04:30:28.129036', NULL),
(1124, 54, 8, 70, NULL, '2023-08-29 04:30:28.129231', NULL),
(1125, 54, 8, 71, NULL, '2023-08-29 04:30:28.129430', NULL),
(1126, 54, 8, 72, NULL, '2023-08-29 04:30:28.129627', NULL),
(1127, 54, 8, 73, NULL, '2023-08-29 04:30:28.129826', NULL),
(1128, 54, 8, 74, NULL, '2023-08-29 04:30:28.130016', NULL),
(1129, 54, 8, 75, NULL, '2023-08-29 04:30:28.130208', NULL),
(1130, 54, 8, 76, NULL, '2023-08-29 04:30:28.130394', NULL),
(1131, 54, 8, 77, NULL, '2023-08-29 04:30:28.130569', NULL),
(1132, 54, 8, 78, NULL, '2023-08-29 04:30:28.130747', NULL),
(1133, 54, 8, 79, NULL, '2023-08-29 04:30:28.130935', NULL),
(1134, 54, 8, 80, NULL, '2023-08-29 04:30:28.131123', NULL),
(1135, 54, 8, 81, NULL, '2023-08-29 04:30:28.131319', NULL),
(1136, 54, 8, 82, NULL, '2023-08-29 04:30:28.131501', NULL),
(1137, 54, 8, 83, NULL, '2023-08-29 04:30:28.131675', NULL),
(1138, 54, 8, 84, NULL, '2023-08-29 04:30:28.131852', NULL),
(1139, 54, 9, 29, NULL, '2023-08-29 04:30:28.132037', NULL),
(1140, 54, 9, 30, NULL, '2023-08-29 04:30:28.132223', NULL),
(1141, 54, 9, 31, NULL, '2023-08-29 04:30:28.132410', NULL),
(1142, 54, 9, 32, NULL, '2023-08-29 04:30:28.132673', NULL),
(1143, 54, 9, 85, NULL, '2023-08-29 04:30:28.132854', NULL),
(1144, 54, 9, 86, NULL, '2023-08-29 04:30:28.133037', NULL),
(1145, 54, 9, 87, NULL, '2023-08-29 04:30:28.133215', NULL),
(1146, 54, 9, 88, NULL, '2023-08-29 04:30:28.133398', NULL),
(1147, 54, 9, 89, NULL, '2023-08-29 04:30:28.133572', NULL),
(1148, 54, 9, 90, NULL, '2023-08-29 04:30:28.133752', NULL),
(1149, 54, 9, 91, NULL, '2023-08-29 04:30:28.133940', NULL),
(1150, 54, 9, 92, NULL, '2023-08-29 04:30:28.134119', NULL),
(1151, 54, 9, 93, NULL, '2023-08-29 04:30:28.134312', NULL),
(1152, 54, 9, 94, NULL, '2023-08-29 04:30:28.134491', NULL),
(1153, 54, 9, 95, NULL, '2023-08-29 04:30:28.134668', NULL),
(1154, 54, 9, 96, NULL, '2023-08-29 04:30:28.134847', NULL),
(1155, 54, 10, 33, NULL, '2023-08-29 04:30:28.135031', NULL),
(1156, 54, 10, 34, NULL, '2023-08-29 04:30:28.135211', NULL),
(1157, 54, 10, 35, NULL, '2023-08-29 04:30:28.135392', NULL),
(1158, 54, 10, 36, NULL, '2023-08-29 04:30:28.135567', NULL),
(1159, 54, 10, 97, NULL, '2023-08-29 04:30:28.135742', NULL),
(1160, 54, 10, 98, NULL, '2023-08-29 04:30:28.135928', NULL),
(1161, 54, 10, 99, NULL, '2023-08-29 04:30:28.136106', NULL),
(1162, 54, 10, 100, NULL, '2023-08-29 04:30:28.136295', NULL),
(1163, 54, 10, 101, NULL, '2023-08-29 04:30:28.136478', NULL),
(1164, 54, 10, 102, NULL, '2023-08-29 04:30:28.136651', NULL),
(1165, 54, 10, 103, NULL, '2023-08-29 04:30:28.136836', NULL),
(1166, 54, 10, 104, NULL, '2023-08-29 04:30:28.137019', NULL),
(1167, 54, 10, 105, NULL, '2023-08-29 04:30:28.137203', NULL),
(1168, 54, 10, 106, NULL, '2023-08-29 04:30:28.137388', NULL),
(1169, 54, 10, 107, NULL, '2023-08-29 04:30:28.137561', NULL),
(1170, 54, 10, 108, NULL, '2023-08-29 04:30:28.137742', NULL),
(1171, 54, 10, 109, NULL, '2023-08-29 04:30:28.137936', NULL),
(1172, 54, 10, 110, NULL, '2023-08-29 04:30:28.138116', NULL),
(1173, 54, 11, 37, NULL, '2023-08-29 04:30:28.138311', NULL),
(1174, 54, 11, 38, NULL, '2023-08-29 04:30:28.138490', NULL),
(1175, 54, 11, 39, NULL, '2023-08-29 04:30:28.138665', NULL),
(1176, 54, 11, 40, NULL, '2023-08-29 04:30:28.138846', NULL),
(1177, 54, 11, 111, NULL, '2023-08-29 04:30:28.139030', NULL),
(1178, 54, 12, 41, NULL, '2023-08-29 04:30:28.139209', NULL),
(1179, 54, 12, 42, NULL, '2023-08-29 04:30:28.139392', NULL),
(1180, 54, 12, 43, NULL, '2023-08-29 04:30:28.139573', NULL),
(1181, 54, 12, 44, NULL, '2023-08-29 04:30:28.139754', NULL),
(1182, 54, 12, 112, NULL, '2023-08-29 04:30:28.139958', NULL),
(1183, 54, 12, 113, NULL, '2023-08-29 04:30:28.140147', NULL),
(1184, 54, 13, 45, NULL, '2023-08-29 04:30:28.140338', NULL),
(1185, 54, 13, 46, NULL, '2023-08-29 04:30:28.140654', NULL),
(1186, 54, 13, 47, NULL, '2023-08-29 04:30:28.141029', NULL),
(1187, 54, 13, 48, NULL, '2023-08-29 04:30:28.141310', NULL),
(1188, 54, 13, 114, NULL, '2023-08-29 04:30:28.141602', NULL),
(1189, 54, 13, 115, NULL, '2023-08-29 04:30:28.141933', NULL),
(1190, 54, 13, 116, NULL, '2023-08-29 04:30:28.142243', NULL),
(1191, 54, 13, 117, NULL, '2023-08-29 04:30:28.142501', NULL),
(1192, 54, 13, 118, NULL, '2023-08-29 04:30:28.142749', NULL),
(1193, 54, 13, 119, NULL, '2023-08-29 04:30:28.143023', NULL),
(1194, 54, 13, 120, NULL, '2023-08-29 04:30:28.143276', NULL),
(1195, 54, 13, 121, NULL, '2023-08-29 04:30:28.143525', NULL),
(1196, 54, 13, 122, NULL, '2023-08-29 04:30:28.143774', NULL),
(1197, 54, 13, 123, NULL, '2023-08-29 04:30:28.144051', NULL),
(1198, 54, 13, 124, NULL, '2023-08-29 04:30:28.144312', NULL),
(1199, 54, 13, 125, NULL, '2023-08-29 04:30:28.144562', NULL),
(1200, 54, 13, 126, NULL, '2023-08-29 04:30:28.144826', NULL),
(1201, 54, 13, 127, NULL, '2023-08-29 04:30:28.145083', NULL),
(1202, 54, 13, 128, NULL, '2023-08-29 04:30:28.145384', NULL),
(1203, 54, 13, 129, NULL, '2023-08-29 04:30:28.145633', NULL),
(1204, 54, 1, 1, NULL, '2023-08-29 04:31:05.100305', NULL),
(1205, 54, 1, 2, NULL, '2023-08-29 04:31:05.100893', NULL),
(1206, 54, 1, 53, NULL, '2023-08-29 04:31:05.101125', NULL),
(1207, 54, 1, 54, NULL, '2023-08-29 04:31:05.101330', NULL),
(1208, 54, 1, 55, NULL, '2023-08-29 04:31:05.101520', NULL),
(1209, 54, 1, 56, NULL, '2023-08-29 04:31:05.101699', NULL),
(1210, 54, 2, 3, NULL, '2023-08-29 04:31:05.101903', NULL),
(1211, 54, 2, 4, NULL, '2023-08-29 04:31:05.102095', NULL),
(1212, 54, 2, 57, NULL, '2023-08-29 04:31:05.102277', NULL),
(1213, 54, 2, 58, NULL, '2023-08-29 04:31:05.102467', NULL),
(1214, 54, 3, 5, NULL, '2023-08-29 04:31:05.102648', NULL),
(1215, 54, 3, 6, NULL, '2023-08-29 04:31:05.102839', NULL),
(1216, 54, 3, 7, NULL, '2023-08-29 04:31:05.103042', NULL),
(1217, 54, 4, 59, NULL, '2023-08-29 04:31:05.103247', NULL),
(1218, 54, 4, 60, NULL, '2023-08-29 04:31:05.103425', NULL),
(1219, 54, 4, 61, NULL, '2023-08-29 04:31:05.103601', NULL),
(1220, 54, 4, 62, NULL, '2023-08-29 04:31:05.103787', NULL),
(1221, 54, 4, 63, NULL, '2023-08-29 04:31:05.103978', NULL),
(1222, 54, 4, 64, NULL, '2023-08-29 04:31:05.104182', NULL),
(1223, 54, 4, 65, NULL, '2023-08-29 04:31:05.104366', NULL),
(1224, 54, 4, 66, NULL, '2023-08-29 04:31:05.104571', NULL),
(1225, 54, 5, 13, NULL, '2023-08-29 04:31:05.105088', NULL),
(1226, 54, 5, 14, NULL, '2023-08-29 04:31:05.105348', NULL),
(1227, 54, 5, 15, NULL, '2023-08-29 04:31:05.105598', NULL),
(1228, 54, 5, 16, NULL, '2023-08-29 04:31:05.105875', NULL),
(1229, 54, 5, 130, NULL, '2023-08-29 04:31:05.106134', NULL),
(1230, 54, 5, 131, NULL, '2023-08-29 04:31:05.106386', NULL),
(1231, 54, 5, 132, NULL, '2023-08-29 04:31:05.106661', NULL),
(1232, 54, 5, 133, NULL, '2023-08-29 04:31:05.109755', NULL),
(1233, 54, 5, 134, NULL, '2023-08-29 04:31:05.110032', NULL),
(1234, 54, 5, 135, NULL, '2023-08-29 04:31:05.110234', NULL),
(1235, 54, 5, 136, NULL, '2023-08-29 04:31:05.110441', NULL),
(1236, 54, 6, 17, NULL, '2023-08-29 04:31:05.110627', NULL),
(1237, 54, 6, 18, NULL, '2023-08-29 04:31:05.110842', NULL),
(1238, 54, 6, 19, NULL, '2023-08-29 04:31:05.111046', NULL),
(1239, 54, 6, 20, NULL, '2023-08-29 04:31:05.111227', NULL),
(1240, 54, 6, 148, NULL, '2023-08-29 04:31:05.111422', NULL),
(1241, 54, 6, 149, NULL, '2023-08-29 04:31:05.111618', NULL),
(1242, 54, 6, 150, NULL, '2023-08-29 04:31:05.111850', NULL),
(1243, 54, 6, 151, NULL, '2023-08-29 04:31:05.112049', NULL),
(1244, 54, 6, 152, NULL, '2023-08-29 04:31:05.112228', NULL),
(1245, 54, 6, 153, NULL, '2023-08-29 04:31:05.112416', NULL),
(1246, 54, 6, 154, NULL, '2023-08-29 04:31:05.112596', NULL),
(1247, 54, 7, 21, NULL, '2023-08-29 04:31:05.112785', NULL),
(1248, 54, 7, 22, NULL, '2023-08-29 04:31:05.112976', NULL),
(1249, 54, 7, 23, NULL, '2023-08-29 04:31:05.113158', NULL),
(1250, 54, 7, 24, NULL, '2023-08-29 04:31:05.113339', NULL),
(1251, 54, 7, 162, NULL, '2023-08-29 04:31:05.113538', NULL),
(1252, 54, 8, 25, NULL, '2023-08-29 04:31:05.113769', NULL),
(1253, 54, 8, 26, NULL, '2023-08-29 04:31:05.113997', NULL),
(1254, 54, 8, 27, NULL, '2023-08-29 04:31:05.114187', NULL),
(1255, 54, 8, 28, NULL, '2023-08-29 04:31:05.114365', NULL),
(1256, 54, 8, 67, NULL, '2023-08-29 04:31:05.114543', NULL),
(1257, 54, 8, 68, NULL, '2023-08-29 04:31:05.114742', NULL),
(1258, 54, 8, 69, NULL, '2023-08-29 04:31:05.114970', NULL),
(1259, 54, 8, 70, NULL, '2023-08-29 04:31:05.115180', NULL),
(1260, 54, 8, 71, NULL, '2023-08-29 04:31:05.115386', NULL),
(1261, 54, 8, 72, NULL, '2023-08-29 04:31:05.115596', NULL),
(1262, 54, 8, 73, NULL, '2023-08-29 04:31:05.115807', NULL),
(1263, 54, 8, 74, NULL, '2023-08-29 04:31:05.116007', NULL),
(1264, 54, 8, 75, NULL, '2023-08-29 04:31:05.116190', NULL),
(1265, 54, 8, 76, NULL, '2023-08-29 04:31:05.116369', NULL),
(1266, 54, 8, 77, NULL, '2023-08-29 04:31:05.116546', NULL),
(1267, 54, 8, 78, NULL, '2023-08-29 04:31:05.116736', NULL),
(1268, 54, 8, 79, NULL, '2023-08-29 04:31:05.116936', NULL),
(1269, 54, 8, 80, NULL, '2023-08-29 04:31:05.117128', NULL),
(1270, 54, 8, 81, NULL, '2023-08-29 04:31:05.117314', NULL),
(1271, 54, 8, 82, NULL, '2023-08-29 04:31:05.117497', NULL),
(1272, 54, 8, 83, NULL, '2023-08-29 04:31:05.117684', NULL),
(1273, 54, 8, 84, NULL, '2023-08-29 04:31:05.117979', NULL),
(1274, 54, 9, 29, NULL, '2023-08-29 04:31:05.118211', NULL),
(1275, 54, 9, 30, NULL, '2023-08-29 04:31:05.118396', NULL),
(1276, 54, 9, 31, NULL, '2023-08-29 04:31:05.118579', NULL),
(1277, 54, 9, 32, NULL, '2023-08-29 04:31:05.118771', NULL),
(1278, 54, 9, 85, NULL, '2023-08-29 04:31:05.118965', NULL),
(1279, 54, 9, 86, NULL, '2023-08-29 04:31:05.119147', NULL),
(1280, 54, 9, 87, NULL, '2023-08-29 04:31:05.119335', NULL),
(1281, 54, 9, 88, NULL, '2023-08-29 04:31:05.119515', NULL),
(1282, 54, 9, 89, NULL, '2023-08-29 04:31:05.119700', NULL),
(1283, 54, 9, 90, NULL, '2023-08-29 04:31:05.119900', NULL),
(1284, 54, 9, 91, NULL, '2023-08-29 04:31:05.120086', NULL),
(1285, 54, 9, 92, NULL, '2023-08-29 04:31:05.120273', NULL),
(1286, 54, 9, 93, NULL, '2023-08-29 04:31:05.120453', NULL),
(1287, 54, 9, 94, NULL, '2023-08-29 04:31:05.120632', NULL),
(1288, 54, 9, 95, NULL, '2023-08-29 04:31:05.120830', NULL),
(1289, 54, 9, 96, NULL, '2023-08-29 04:31:05.121024', NULL),
(1290, 54, 10, 33, NULL, '2023-08-29 04:31:05.121205', NULL),
(1291, 54, 10, 34, NULL, '2023-08-29 04:31:05.121384', NULL),
(1292, 54, 10, 35, NULL, '2023-08-29 04:31:05.121563', NULL),
(1293, 54, 10, 36, NULL, '2023-08-29 04:31:05.121748', NULL),
(1294, 54, 10, 97, NULL, '2023-08-29 04:31:05.121944', NULL),
(1295, 54, 10, 98, NULL, '2023-08-29 04:31:05.122125', NULL),
(1296, 54, 10, 99, NULL, '2023-08-29 04:31:05.122313', NULL),
(1297, 54, 10, 100, NULL, '2023-08-29 04:31:05.122493', NULL),
(1298, 54, 10, 101, NULL, '2023-08-29 04:31:05.122679', NULL),
(1299, 54, 10, 102, NULL, '2023-08-29 04:31:05.122857', NULL),
(1300, 54, 10, 103, NULL, '2023-08-29 04:31:05.123057', NULL),
(1301, 54, 10, 104, NULL, '2023-08-29 04:31:05.123240', NULL),
(1302, 54, 10, 105, NULL, '2023-08-29 04:31:05.123430', NULL),
(1303, 54, 10, 106, NULL, '2023-08-29 04:31:05.123608', NULL),
(1304, 54, 10, 107, NULL, '2023-08-29 04:31:05.123883', NULL),
(1305, 54, 10, 108, NULL, '2023-08-29 04:31:05.124169', NULL),
(1306, 54, 10, 109, NULL, '2023-08-29 04:31:05.124429', NULL),
(1307, 54, 10, 110, NULL, '2023-08-29 04:31:05.124708', NULL),
(1308, 54, 11, 37, NULL, '2023-08-29 04:31:05.124991', NULL),
(1309, 54, 11, 38, NULL, '2023-08-29 04:31:05.125272', NULL),
(1310, 54, 11, 39, NULL, '2023-08-29 04:31:05.125532', NULL),
(1311, 54, 11, 40, NULL, '2023-08-29 04:31:05.125837', NULL),
(1312, 54, 11, 111, NULL, '2023-08-29 04:31:05.126098', NULL),
(1313, 54, 12, 41, NULL, '2023-08-29 04:31:05.126354', NULL),
(1314, 54, 12, 42, NULL, '2023-08-29 04:31:05.126603', NULL),
(1315, 54, 12, 43, NULL, '2023-08-29 04:31:05.126881', NULL),
(1316, 54, 12, 44, NULL, '2023-08-29 04:31:05.127132', NULL),
(1317, 54, 12, 112, NULL, '2023-08-29 04:31:05.127393', NULL),
(1318, 54, 12, 113, NULL, '2023-08-29 04:31:05.127666', NULL),
(1319, 54, 13, 45, NULL, '2023-08-29 04:31:05.127938', NULL),
(1320, 54, 13, 46, NULL, '2023-08-29 04:31:05.128188', NULL),
(1321, 54, 13, 47, NULL, '2023-08-29 04:31:05.128436', NULL),
(1322, 54, 13, 48, NULL, '2023-08-29 04:31:05.128699', NULL),
(1323, 54, 13, 114, NULL, '2023-08-29 04:31:05.128966', NULL),
(1324, 54, 13, 115, NULL, '2023-08-29 04:31:05.129217', NULL),
(1325, 54, 13, 116, NULL, '2023-08-29 04:31:05.129462', NULL),
(1326, 54, 13, 117, NULL, '2023-08-29 04:31:05.129723', NULL),
(1327, 54, 13, 118, NULL, '2023-08-29 04:31:05.129998', NULL),
(1328, 54, 13, 119, NULL, '2023-08-29 04:31:05.130249', NULL),
(1329, 54, 13, 120, NULL, '2023-08-29 04:31:05.130498', NULL),
(1330, 54, 13, 121, NULL, '2023-08-29 04:31:05.130756', NULL),
(1331, 54, 13, 122, NULL, '2023-08-29 04:31:05.131028', NULL),
(1332, 54, 13, 123, NULL, '2023-08-29 04:31:05.131287', NULL),
(1333, 54, 13, 124, NULL, '2023-08-29 04:31:05.131549', NULL),
(1334, 54, 13, 125, NULL, '2023-08-29 04:31:05.131823', NULL),
(1335, 54, 13, 126, NULL, '2023-08-29 04:31:05.132083', NULL),
(1336, 54, 13, 127, NULL, '2023-08-29 04:31:05.132335', NULL),
(1337, 54, 13, 128, NULL, '2023-08-29 04:31:05.132588', NULL),
(1338, 54, 13, 129, NULL, '2023-08-29 04:31:05.133182', NULL),
(1339, 54, 1, 1, NULL, '2023-08-29 04:31:21.063388', NULL),
(1340, 54, 2, 4, NULL, '2023-08-29 04:31:21.064370', NULL),
(1341, 54, 3, 5, NULL, '2023-08-29 04:31:21.064948', NULL),
(1342, 54, 4, 62, NULL, '2023-08-29 04:31:21.065380', NULL),
(1343, 54, 5, 13, NULL, '2023-08-29 04:31:21.065646', NULL),
(1344, 54, 6, 17, NULL, '2023-08-29 04:31:21.065933', NULL),
(1345, 54, 7, 21, NULL, '2023-08-29 04:31:21.066202', NULL),
(1346, 54, 8, 25, NULL, '2023-08-29 04:31:21.066459', NULL),
(1347, 54, 9, 29, NULL, '2023-08-29 04:31:21.066718', NULL),
(1348, 54, 10, 33, NULL, '2023-08-29 04:31:21.066993', NULL),
(1349, 54, 11, 37, NULL, '2023-08-29 04:31:21.067246', NULL),
(1350, 54, 12, 41, NULL, '2023-08-29 04:31:21.067497', NULL),
(1351, 54, 13, 119, NULL, '2023-08-29 04:31:21.067751', NULL),
(1352, 54, 14, NULL, 'asdad', '2023-08-29 04:31:21.068030', NULL),
(1353, 54, 15, NULL, 'adasd', '2023-08-29 04:31:21.068282', NULL),
(1354, 54, 16, NULL, 'adasd', '2023-08-29 04:31:21.068533', NULL),
(1355, 54, 1, 1, NULL, '2023-08-29 04:31:27.224198', NULL),
(1356, 54, 2, 4, NULL, '2023-08-29 04:31:27.225153', NULL),
(1357, 54, 3, 5, NULL, '2023-08-29 04:31:27.225359', NULL),
(1358, 54, 4, 62, NULL, '2023-08-29 04:31:27.225553', NULL),
(1359, 54, 5, 13, NULL, '2023-08-29 04:31:27.225754', NULL),
(1360, 54, 6, 17, NULL, '2023-08-29 04:31:27.225953', NULL),
(1361, 54, 7, 21, NULL, '2023-08-29 04:31:27.226154', NULL),
(1362, 54, 8, 25, NULL, '2023-08-29 04:31:27.226347', NULL),
(1363, 54, 9, 29, NULL, '2023-08-29 04:31:27.226531', NULL),
(1364, 54, 10, 33, NULL, '2023-08-29 04:31:27.226714', NULL),
(1365, 54, 11, 37, NULL, '2023-08-29 04:31:27.226919', NULL),
(1366, 54, 12, 41, NULL, '2023-08-29 04:31:27.227152', NULL),
(1367, 54, 13, 119, NULL, '2023-08-29 04:31:27.227389', NULL),
(1368, 54, 14, NULL, 'asdad', '2023-08-29 04:31:27.227603', NULL),
(1369, 54, 15, NULL, 'adasd', '2023-08-29 04:31:27.227804', NULL),
(1370, 54, 16, NULL, 'adasd', '2023-08-29 04:31:27.228031', NULL),
(1371, 54, 1, 1, NULL, '2023-08-29 04:32:00.020393', NULL),
(1372, 54, 2, 4, NULL, '2023-08-29 04:32:00.021079', NULL),
(1373, 54, 3, 5, NULL, '2023-08-29 04:32:00.021283', NULL),
(1374, 54, 4, 62, NULL, '2023-08-29 04:32:00.021459', NULL),
(1375, 54, 5, 13, NULL, '2023-08-29 04:32:00.021663', NULL),
(1376, 54, 6, 17, NULL, '2023-08-29 04:32:00.021858', NULL),
(1377, 54, 7, 21, NULL, '2023-08-29 04:32:00.022064', NULL),
(1378, 54, 8, 25, NULL, '2023-08-29 04:32:00.022247', NULL),
(1379, 54, 9, 29, NULL, '2023-08-29 04:32:00.022419', NULL),
(1380, 54, 10, 33, NULL, '2023-08-29 04:32:00.022607', NULL),
(1381, 54, 11, 37, NULL, '2023-08-29 04:32:00.022782', NULL),
(1382, 54, 12, 41, NULL, '2023-08-29 04:32:00.022970', NULL),
(1383, 54, 13, 119, NULL, '2023-08-29 04:32:00.023143', NULL),
(1384, 54, 14, NULL, 'asdad', '2023-08-29 04:32:00.023322', NULL),
(1385, 54, 15, NULL, 'adasd', '2023-08-29 04:32:00.023497', NULL),
(1386, 54, 16, NULL, 'adasd', '2023-08-29 04:32:00.023690', NULL),
(1387, 54, 1, 1, NULL, '2023-08-29 04:51:51.285089', NULL),
(1388, 54, 2, 4, NULL, '2023-08-29 04:51:51.286227', NULL),
(1389, 54, 3, 6, NULL, '2023-08-29 04:51:51.286550', NULL),
(1390, 54, 4, 59, NULL, '2023-08-29 04:51:51.288584', NULL),
(1391, 54, 5, 13, NULL, '2023-08-29 04:51:51.289899', NULL),
(1392, 54, 6, 17, NULL, '2023-08-29 04:51:51.290151', NULL),
(1393, 54, 7, 23, NULL, '2023-08-29 04:51:51.290349', NULL),
(1394, 54, 8, 27, NULL, '2023-08-29 04:51:51.290565', NULL),
(1395, 54, 9, 91, NULL, '2023-08-29 04:51:51.290753', NULL),
(1396, 54, 10, 101, NULL, '2023-08-29 04:51:51.290962', NULL),
(1397, 54, 11, 37, NULL, '2023-08-29 04:51:51.291170', NULL),
(1398, 54, 12, 41, NULL, '2023-08-29 04:51:51.291355', NULL),
(1399, 54, 13, 116, NULL, '2023-08-29 04:51:51.291549', NULL),
(1400, 54, 14, NULL, 'daad', '2023-08-29 04:51:51.291748', NULL),
(1401, 54, 15, NULL, 'sada', '2023-08-29 04:51:51.291946', NULL),
(1402, 54, 16, NULL, 'asds', '2023-08-29 04:51:51.292171', NULL),
(1403, 48, 1, 2, NULL, '2023-08-29 10:13:09.898168', NULL),
(1404, 48, 1, 3, NULL, '2023-08-29 10:13:19.274479', NULL),
(1405, 48, 1, 2, NULL, '2023-08-29 10:15:32.074211', NULL),
(1406, 48, 1, 3, NULL, '2023-08-29 10:15:32.075177', NULL),
(1407, 48, 1, 2, NULL, '2023-08-29 10:23:04.247686', NULL),
(1408, 48, 1, 3, NULL, '2023-08-29 10:23:04.248868', NULL),
(1409, 54, 1, 1, NULL, '2023-08-29 10:29:31.620156', NULL),
(1410, 54, 2, 4, NULL, '2023-08-29 10:29:31.621164', NULL),
(1411, 54, 3, 5, NULL, '2023-08-29 10:29:31.621480', NULL),
(1412, 54, 4, 62, NULL, '2023-08-29 10:29:31.621757', NULL),
(1413, 54, 5, 13, NULL, '2023-08-29 10:29:31.622072', NULL),
(1414, 54, 6, 17, NULL, '2023-08-29 10:29:31.622339', NULL),
(1415, 54, 7, 21, NULL, '2023-08-29 10:29:31.622600', NULL),
(1416, 54, 8, 25, NULL, '2023-08-29 10:29:31.622877', NULL),
(1417, 54, 9, 29, NULL, '2023-08-29 10:29:31.623156', NULL),
(1418, 54, 10, 33, NULL, '2023-08-29 10:29:31.623407', NULL),
(1419, 54, 11, 37, NULL, '2023-08-29 10:29:31.623657', NULL),
(1420, 54, 12, 41, NULL, '2023-08-29 10:29:31.623919', NULL),
(1421, 54, 13, 119, NULL, '2023-08-29 10:29:31.624180', NULL),
(1422, 54, 14, NULL, 'asdad', '2023-08-29 10:29:31.624435', NULL),
(1423, 54, 15, NULL, 'adasd', '2023-08-29 10:29:31.624684', NULL),
(1424, 54, 16, NULL, 'adasd', '2023-08-29 10:29:31.624951', NULL),
(1425, 55, 1, 1, NULL, '2023-08-29 10:48:45.116943', NULL),
(1426, 55, 2, 3, NULL, '2023-08-29 10:48:45.117331', NULL),
(1427, 55, 3, 5, NULL, '2023-08-29 10:48:45.117593', NULL),
(1428, 55, 4, 59, NULL, '2023-08-29 10:48:45.117845', NULL),
(1429, 55, 5, 13, NULL, '2023-08-29 10:48:45.118176', NULL),
(1430, 55, 5, 14, NULL, '2023-08-29 10:48:45.118440', NULL),
(1431, 55, 5, 15, NULL, '2023-08-29 10:48:45.118699', NULL),
(1432, 55, 5, 16, NULL, '2023-08-29 10:48:45.118947', NULL),
(1433, 55, 5, 130, NULL, '2023-08-29 10:48:45.119210', NULL),
(1434, 55, 5, 131, NULL, '2023-08-29 10:48:45.119457', NULL),
(1435, 55, 5, 132, NULL, '2023-08-29 10:48:45.119714', NULL),
(1436, 55, 6, 17, NULL, '2023-08-29 10:48:45.119977', NULL),
(1437, 55, 6, 18, NULL, '2023-08-29 10:48:45.120223', NULL),
(1438, 55, 7, 21, NULL, '2023-08-29 10:48:45.120470', NULL),
(1439, 55, 7, 22, NULL, '2023-08-29 10:48:45.120725', NULL),
(1440, 55, 8, 27, NULL, '2023-08-29 10:48:45.120993', NULL),
(1441, 55, 8, 26, NULL, '2023-08-29 10:48:45.121243', NULL),
(1442, 55, 9, 29, NULL, '2023-08-29 10:48:45.121491', NULL),
(1443, 55, 9, 30, NULL, '2023-08-29 10:48:45.121754', NULL),
(1444, 55, 10, 33, NULL, '2023-08-29 10:48:45.122022', NULL),
(1445, 55, 10, 34, NULL, '2023-08-29 10:48:45.122271', NULL),
(1446, 55, 11, 37, NULL, '2023-08-29 10:48:45.122556', NULL),
(1447, 55, 11, 38, NULL, '2023-08-29 10:48:45.122807', NULL),
(1448, 55, 12, 41, NULL, '2023-08-29 10:48:45.123066', NULL),
(1449, 55, 12, 42, NULL, '2023-08-29 10:48:45.123312', NULL),
(1450, 55, 13, 45, NULL, '2023-08-29 10:48:45.123566', NULL),
(1451, 55, 13, 46, NULL, '2023-08-29 10:48:45.123813', NULL),
(1452, 55, 14, NULL, 'No', '2023-08-29 10:48:45.124082', NULL),
(1453, 55, 15, NULL, 'No', '2023-08-29 10:48:45.124331', NULL),
(1454, 55, 16, NULL, 'No', '2023-08-29 10:48:45.124586', NULL),
(1455, 56, 1, 1, NULL, '2023-08-29 12:28:01.435235', NULL),
(1456, 56, 2, 3, NULL, '2023-08-29 12:28:01.436405', NULL),
(1457, 56, 3, 5, NULL, '2023-08-29 12:28:01.436680', NULL),
(1458, 56, 4, 60, NULL, '2023-08-29 12:28:01.436936', NULL),
(1459, 56, 5, 13, NULL, '2023-08-29 12:28:01.437231', NULL),
(1460, 56, 5, 14, NULL, '2023-08-29 12:28:01.437481', NULL),
(1461, 56, 6, 17, NULL, '2023-08-29 12:28:01.437760', NULL),
(1462, 56, 6, 18, NULL, '2023-08-29 12:28:01.438057', NULL),
(1463, 56, 6, 19, NULL, '2023-08-29 12:28:01.438323', NULL),
(1464, 56, 6, 20, NULL, '2023-08-29 12:28:01.438570', NULL),
(1465, 56, 6, 148, NULL, '2023-08-29 12:28:01.438916', NULL),
(1466, 56, 7, 21, NULL, '2023-08-29 12:28:01.439191', NULL),
(1467, 56, 7, 22, NULL, '2023-08-29 12:28:01.439502', NULL),
(1468, 56, 7, 23, NULL, '2023-08-29 12:28:01.439768', NULL),
(1469, 56, 7, 24, NULL, '2023-08-29 12:28:01.441096', NULL),
(1470, 56, 7, 162, NULL, '2023-08-29 12:28:01.441596', NULL),
(1471, 56, 8, 27, NULL, '2023-08-29 12:28:01.441921', NULL),
(1472, 56, 8, 26, NULL, '2023-08-29 12:28:01.442399', NULL),
(1473, 56, 8, 28, NULL, '2023-08-29 12:28:01.442668', NULL),
(1474, 56, 8, 70, NULL, '2023-08-29 12:28:01.442921', NULL),
(1475, 56, 9, 31, NULL, '2023-08-29 12:28:01.443177', NULL),
(1476, 56, 9, 32, NULL, '2023-08-29 12:28:01.443434', NULL),
(1477, 56, 9, 88, NULL, '2023-08-29 12:28:01.443689', NULL),
(1478, 56, 10, 35, NULL, '2023-08-29 12:28:01.443947', NULL),
(1479, 56, 10, 34, NULL, '2023-08-29 12:28:01.444201', NULL),
(1480, 56, 11, 38, NULL, '2023-08-29 12:28:01.444475', NULL),
(1481, 56, 11, 37, NULL, '2023-08-29 12:28:01.444749', NULL),
(1482, 56, 12, 41, NULL, '2023-08-29 12:28:01.445012', NULL),
(1483, 56, 12, 42, NULL, '2023-08-29 12:28:01.445272', NULL),
(1484, 56, 13, 45, NULL, '2023-08-29 12:28:01.445523', NULL),
(1485, 56, 13, 46, NULL, '2023-08-29 12:28:01.445767', NULL),
(1486, 56, 13, 117, NULL, '2023-08-29 12:28:01.446085', NULL),
(1487, 56, 14, NULL, 'No', '2023-08-29 12:28:01.446355', NULL),
(1488, 56, 15, NULL, 'No', '2023-08-29 12:28:01.446621', NULL),
(1489, 56, 16, NULL, 'No', '2023-08-29 12:28:01.446889', NULL),
(1490, 57, 1, 1, NULL, '2023-08-31 13:13:32.360104', NULL),
(1491, 57, 2, 3, NULL, '2023-08-31 13:13:32.360820', NULL),
(1492, 57, 3, 5, NULL, '2023-08-31 13:13:32.361075', NULL),
(1493, 57, 4, 59, NULL, '2023-08-31 13:13:32.361334', NULL),
(1494, 57, 8, 25, NULL, '2023-08-31 13:13:32.361793', NULL),
(1495, 57, 9, 29, NULL, '2023-08-31 13:13:32.362061', NULL),
(1496, 57, 10, 33, NULL, '2023-08-31 13:13:32.362326', NULL),
(1497, 57, 11, 37, NULL, '2023-08-31 13:13:32.362579', NULL),
(1498, 57, 12, 41, NULL, '2023-08-31 13:13:32.362846', NULL),
(1499, 57, 13, 45, NULL, '2023-08-31 13:13:32.363101', NULL),
(1500, 57, 14, NULL, 'answerTextViewOne', '2023-08-31 13:13:32.363484', NULL),
(1501, 57, 15, NULL, 'answerTextViewtwo', '2023-08-31 13:13:32.364077', NULL),
(1502, 57, 16, NULL, 'answerTextViewthree', '2023-08-31 13:13:32.364418', NULL),
(1503, 60, 1, 1, NULL, '2023-09-01 06:19:59.657667', NULL),
(1504, 60, 2, 3, NULL, '2023-09-01 06:19:59.658422', NULL),
(1505, 60, 3, 5, NULL, '2023-09-01 06:19:59.658633', NULL),
(1506, 60, 4, 60, NULL, '2023-09-01 06:19:59.658866', NULL),
(1507, 60, 8, 26, NULL, '2023-09-01 06:19:59.659158', NULL),
(1508, 60, 8, 27, NULL, '2023-09-01 06:19:59.659388', NULL),
(1509, 60, 9, 30, NULL, '2023-09-01 06:19:59.659623', NULL),
(1510, 60, 9, 31, NULL, '2023-09-01 06:19:59.659854', NULL),
(1511, 60, 10, 34, NULL, '2023-09-01 06:19:59.660070', NULL),
(1512, 60, 10, 35, NULL, '2023-09-01 06:19:59.660349', NULL),
(1513, 60, 11, 39, NULL, '2023-09-01 06:19:59.660586', NULL),
(1514, 60, 11, 40, NULL, '2023-09-01 06:19:59.660808', NULL),
(1515, 60, 12, 44, NULL, '2023-09-01 06:19:59.661048', NULL),
(1516, 60, 12, 112, NULL, '2023-09-01 06:19:59.661318', NULL),
(1517, 60, 13, 45, NULL, '2023-09-01 06:19:59.661543', NULL),
(1518, 60, 13, 46, NULL, '2023-09-01 06:19:59.661734', NULL),
(1519, 60, 14, NULL, 'answerTextViewOne', '2023-09-01 06:19:59.661948', NULL),
(1520, 60, 15, NULL, 'answerTextViewtwo', '2023-09-01 06:19:59.662151', NULL),
(1521, 60, 16, NULL, 'answerTextViewthree', '2023-09-01 06:19:59.662333', NULL),
(1522, 68, 1, 1, NULL, '2023-12-20 11:50:45.260534', NULL),
(1523, 68, 2, 3, NULL, '2023-12-20 11:50:45.263630', NULL),
(1524, 68, 3, 7, NULL, '2023-12-20 11:50:45.267772', NULL),
(1525, 68, 4, 60, NULL, '2023-12-20 11:50:45.269408', NULL),
(1526, 68, 5, 136, NULL, '2023-12-20 11:50:45.271084', NULL),
(1527, 68, 6, 154, NULL, '2023-12-20 11:50:45.272704', NULL),
(1528, 68, 7, 162, NULL, '2023-12-20 11:50:45.274191', NULL),
(1529, 68, 8, 27, NULL, '2023-12-20 11:50:45.276034', NULL),
(1530, 68, 9, 29, NULL, '2023-12-20 11:50:45.277583', NULL),
(1531, 68, 9, 30, NULL, '2023-12-20 11:50:45.280955', NULL),
(1532, 68, 10, 110, NULL, '2023-12-20 11:50:45.282725', NULL),
(1533, 68, 11, 38, NULL, '2023-12-20 11:50:45.284536', NULL),
(1534, 68, 12, 113, NULL, '2023-12-20 11:50:45.286373', NULL),
(1535, 68, 13, 127, NULL, '2023-12-20 11:50:45.287960', NULL),
(1536, 68, 14, NULL, 'None', '2023-12-20 11:50:45.289360', NULL),
(1537, 68, 15, NULL, 'None', '2023-12-20 11:50:45.290698', NULL),
(1538, 68, 16, NULL, 'None', '2023-12-20 11:50:45.292188', NULL),
(1539, 68, 1, 1, NULL, '2023-12-20 11:54:00.102566', NULL),
(1540, 68, 2, 3, NULL, '2023-12-20 11:54:00.110104', NULL),
(1541, 68, 3, 7, NULL, '2023-12-20 11:54:00.112162', NULL),
(1542, 68, 4, 60, NULL, '2023-12-20 11:54:00.114642', NULL),
(1543, 68, 5, 136, NULL, '2023-12-20 11:54:00.116457', NULL),
(1544, 68, 6, 154, NULL, '2023-12-20 11:54:00.117921', NULL),
(1545, 68, 7, 162, NULL, '2023-12-20 11:54:00.119487', NULL),
(1546, 68, 8, 27, NULL, '2023-12-20 11:54:00.124929', NULL),
(1547, 68, 9, 29, NULL, '2023-12-20 11:54:00.126806', NULL),
(1548, 68, 9, 30, NULL, '2023-12-20 11:54:00.128284', NULL),
(1549, 68, 10, 110, NULL, '2023-12-20 11:54:00.129905', NULL),
(1550, 68, 11, 38, NULL, '2023-12-20 11:54:00.131468', NULL),
(1551, 68, 12, 113, NULL, '2023-12-20 11:54:00.133342', NULL),
(1552, 68, 13, 127, NULL, '2023-12-20 11:54:00.134979', NULL),
(1553, 68, 14, NULL, 'None', '2023-12-20 11:54:00.136848', NULL),
(1554, 68, 15, NULL, 'No', '2023-12-20 11:54:00.138340', NULL),
(1555, 68, 16, NULL, 'No', '2023-12-20 11:54:00.139844', NULL),
(1556, 69, 1, 1, NULL, '2023-12-21 10:25:23.662992', NULL),
(1557, 69, 2, 3, NULL, '2023-12-21 10:25:23.666149', NULL),
(1558, 69, 3, 5, NULL, '2023-12-21 10:25:23.668084', NULL),
(1559, 69, 4, 63, NULL, '2023-12-21 10:25:23.669745', NULL),
(1560, 69, 8, 25, NULL, '2023-12-21 10:25:23.671431', NULL),
(1561, 69, 8, 26, NULL, '2023-12-21 10:25:23.673317', NULL),
(1562, 69, 8, 27, NULL, '2023-12-21 10:25:23.674829', NULL),
(1563, 69, 8, 28, NULL, '2023-12-21 10:25:23.676384', NULL),
(1564, 69, 8, 67, NULL, '2023-12-21 10:25:23.677958', NULL),
(1565, 69, 9, 29, NULL, '2023-12-21 10:25:23.679800', NULL),
(1566, 69, 9, 30, NULL, '2023-12-21 10:25:23.681412', NULL),
(1567, 69, 9, 31, NULL, '2023-12-21 10:25:23.682912', NULL),
(1568, 69, 9, 32, NULL, '2023-12-21 10:25:23.684648', NULL),
(1569, 69, 9, 85, NULL, '2023-12-21 10:25:23.686052', NULL),
(1570, 69, 10, 33, NULL, '2023-12-21 10:25:23.687462', NULL),
(1571, 69, 10, 34, NULL, '2023-12-21 10:25:23.689020', NULL),
(1572, 69, 10, 35, NULL, '2023-12-21 10:25:23.690590', NULL),
(1573, 69, 10, 36, NULL, '2023-12-21 10:25:23.693112', NULL),
(1574, 69, 10, 97, NULL, '2023-12-21 10:25:23.694657', NULL),
(1575, 69, 11, 37, NULL, '2023-12-21 10:25:23.696236', NULL),
(1576, 69, 11, 38, NULL, '2023-12-21 10:25:23.697571', NULL),
(1577, 69, 11, 39, NULL, '2023-12-21 10:25:23.698830', NULL),
(1578, 69, 11, 40, NULL, '2023-12-21 10:25:23.700155', NULL),
(1579, 69, 11, 111, NULL, '2023-12-21 10:25:23.701505', NULL),
(1580, 69, 12, 41, NULL, '2023-12-21 10:25:23.702720', NULL),
(1581, 69, 12, 42, NULL, '2023-12-21 10:25:23.704114', NULL),
(1582, 69, 12, 43, NULL, '2023-12-21 10:25:23.705278', NULL),
(1583, 69, 12, 44, NULL, '2023-12-21 10:25:23.706487', NULL),
(1584, 69, 12, 112, NULL, '2023-12-21 10:25:23.707622', NULL),
(1585, 69, 13, 45, NULL, '2023-12-21 10:25:23.708861', NULL),
(1586, 69, 13, 46, NULL, '2023-12-21 10:25:23.710128', NULL),
(1587, 69, 13, 47, NULL, '2023-12-21 10:25:23.714561', NULL),
(1588, 69, 13, 48, NULL, '2023-12-21 10:25:23.715758', NULL),
(1589, 69, 13, 114, NULL, '2023-12-21 10:25:23.716927', NULL),
(1590, 69, 14, NULL, 'answerTextViewOne', '2023-12-21 10:25:23.718114', NULL),
(1591, 69, 15, NULL, 'answerTextViewtwo', '2023-12-21 10:25:23.719280', NULL),
(1592, 69, 16, NULL, 'answerTextViewthree', '2023-12-21 10:25:23.720491', NULL),
(1593, 70, 1, 2, NULL, '2023-12-27 07:46:46.141394', NULL),
(1594, 70, 2, 4, NULL, '2023-12-27 07:46:46.144330', NULL),
(1595, 70, 3, 7, NULL, '2023-12-27 07:46:46.146209', NULL),
(1596, 70, 4, 61, NULL, '2023-12-27 07:46:46.147978', NULL),
(1597, 70, 5, 13, NULL, '2023-12-27 07:46:46.149866', NULL),
(1598, 70, 5, 14, NULL, '2023-12-27 07:46:46.151705', NULL),
(1599, 70, 5, 15, NULL, '2023-12-27 07:46:46.153247', NULL),
(1600, 70, 5, 16, NULL, '2023-12-27 07:46:46.154858', NULL),
(1601, 70, 5, 130, NULL, '2023-12-27 07:46:46.156260', NULL),
(1602, 70, 6, 17, NULL, '2023-12-27 07:46:46.157488', NULL),
(1603, 70, 6, 18, NULL, '2023-12-27 07:46:46.158745', NULL),
(1604, 70, 6, 19, NULL, '2023-12-27 07:46:46.159971', NULL),
(1605, 70, 6, 20, NULL, '2023-12-27 07:46:46.161238', NULL),
(1606, 70, 6, 148, NULL, '2023-12-27 07:46:46.162416', NULL),
(1607, 70, 7, 21, NULL, '2023-12-27 07:46:46.163601', NULL),
(1608, 70, 7, 22, NULL, '2023-12-27 07:46:46.164739', NULL),
(1609, 70, 7, 23, NULL, '2023-12-27 07:46:46.165924', NULL),
(1610, 70, 7, 24, NULL, '2023-12-27 07:46:46.167210', NULL),
(1611, 70, 7, 162, NULL, '2023-12-27 07:46:46.168441', NULL),
(1612, 70, 8, 26, NULL, '2023-12-27 07:46:46.169654', NULL),
(1613, 70, 8, 27, NULL, '2023-12-27 07:46:46.170811', NULL),
(1614, 70, 8, 28, NULL, '2023-12-27 07:46:46.171956', NULL),
(1615, 70, 8, 67, NULL, '2023-12-27 07:46:46.173362', NULL),
(1616, 70, 8, 68, NULL, '2023-12-27 07:46:46.174669', NULL),
(1617, 70, 9, 30, NULL, '2023-12-27 07:46:46.176338', NULL),
(1618, 70, 9, 31, NULL, '2023-12-27 07:46:46.178011', NULL),
(1619, 70, 9, 32, NULL, '2023-12-27 07:46:46.179294', NULL),
(1620, 70, 9, 85, NULL, '2023-12-27 07:46:46.180439', NULL),
(1621, 70, 9, 86, NULL, '2023-12-27 07:46:46.181637', NULL),
(1622, 70, 10, 33, NULL, '2023-12-27 07:46:46.183219', NULL),
(1623, 70, 10, 34, NULL, '2023-12-27 07:46:46.184699', NULL),
(1624, 70, 10, 35, NULL, '2023-12-27 07:46:46.186322', NULL),
(1625, 70, 10, 36, NULL, '2023-12-27 07:46:46.187761', NULL),
(1626, 70, 10, 97, NULL, '2023-12-27 07:46:46.189220', NULL),
(1627, 70, 10, 98, NULL, '2023-12-27 07:46:46.190599', NULL),
(1628, 70, 11, 37, NULL, '2023-12-27 07:46:46.192147', NULL),
(1629, 70, 11, 38, NULL, '2023-12-27 07:46:46.193940', NULL),
(1630, 70, 11, 39, NULL, '2023-12-27 07:46:46.195302', NULL),
(1631, 70, 11, 40, NULL, '2023-12-27 07:46:46.196810', NULL),
(1632, 70, 11, 111, NULL, '2023-12-27 07:46:46.198323', NULL),
(1633, 70, 12, 41, NULL, '2023-12-27 07:46:46.199777', NULL),
(1634, 70, 12, 42, NULL, '2023-12-27 07:46:46.201280', NULL),
(1635, 70, 12, 43, NULL, '2023-12-27 07:46:46.202727', NULL),
(1636, 70, 12, 44, NULL, '2023-12-27 07:46:46.204260', NULL),
(1637, 70, 12, 112, NULL, '2023-12-27 07:46:46.205709', NULL),
(1638, 70, 12, 113, NULL, '2023-12-27 07:46:46.207085', NULL),
(1639, 70, 13, 45, NULL, '2023-12-27 07:46:46.208479', NULL),
(1640, 70, 13, 46, NULL, '2023-12-27 07:46:46.209863', NULL),
(1641, 70, 13, 47, NULL, '2023-12-27 07:46:46.211200', NULL),
(1642, 70, 13, 48, NULL, '2023-12-27 07:46:46.212537', NULL),
(1643, 70, 13, 114, NULL, '2023-12-27 07:46:46.214025', NULL),
(1644, 70, 13, 115, NULL, '2023-12-27 07:46:46.215527', NULL),
(1645, 70, 14, NULL, 'answerTextViewOne', '2023-12-27 07:46:46.217144', NULL),
(1646, 70, 15, NULL, 'answerTextViewtwo', '2023-12-27 07:46:46.218626', NULL),
(1647, 70, 16, NULL, 'answerTextViewthree', '2023-12-27 07:46:46.220177', NULL),
(1648, 72, 1, 1, NULL, '2024-01-08 14:17:30.650378', NULL),
(1649, 72, 2, 3, NULL, '2024-01-08 14:17:30.655533', NULL),
(1650, 72, 3, 5, NULL, '2024-01-08 14:17:30.656781', NULL),
(1651, 72, 4, 61, NULL, '2024-01-08 14:17:30.658000', NULL),
(1652, 72, 8, 25, NULL, '2024-01-08 14:17:30.659161', NULL),
(1653, 72, 8, 26, NULL, '2024-01-08 14:17:30.660745', NULL),
(1654, 72, 8, 27, NULL, '2024-01-08 14:17:30.662089', NULL),
(1655, 72, 8, 28, NULL, '2024-01-08 14:17:30.663272', NULL),
(1656, 72, 8, 67, NULL, '2024-01-08 14:17:30.664452', NULL),
(1657, 72, 9, 29, NULL, '2024-01-08 14:17:30.665737', NULL),
(1658, 72, 9, 30, NULL, '2024-01-08 14:17:30.666915', NULL),
(1659, 72, 9, 31, NULL, '2024-01-08 14:17:30.668223', NULL),
(1660, 72, 9, 32, NULL, '2024-01-08 14:17:30.669388', NULL),
(1661, 72, 9, 85, NULL, '2024-01-08 14:17:30.670472', NULL),
(1662, 72, 10, 33, NULL, '2024-01-08 14:17:30.671633', NULL),
(1663, 72, 10, 34, NULL, '2024-01-08 14:17:30.672742', NULL),
(1664, 72, 10, 35, NULL, '2024-01-08 14:17:30.674085', NULL),
(1665, 72, 10, 36, NULL, '2024-01-08 14:17:30.675299', NULL),
(1666, 72, 10, 97, NULL, '2024-01-08 14:17:30.676502', NULL),
(1667, 72, 11, 37, NULL, '2024-01-08 14:17:30.677758', NULL),
(1668, 72, 11, 38, NULL, '2024-01-08 14:17:30.678842', NULL),
(1669, 72, 11, 39, NULL, '2024-01-08 14:17:30.680000', NULL);
INSERT INTO `question_solution` (`id`, `user_id`, `question_id`, `option_id`, `text`, `created_at`, `updated_at`) VALUES
(1670, 72, 11, 40, NULL, '2024-01-08 14:17:30.681210', NULL),
(1671, 72, 11, 111, NULL, '2024-01-08 14:17:30.682522', NULL),
(1672, 72, 12, 41, NULL, '2024-01-08 14:17:30.683736', NULL),
(1673, 72, 12, 42, NULL, '2024-01-08 14:17:30.684881', NULL),
(1674, 72, 12, 43, NULL, '2024-01-08 14:17:30.686080', NULL),
(1675, 72, 12, 44, NULL, '2024-01-08 14:17:30.687267', NULL),
(1676, 72, 12, 112, NULL, '2024-01-08 14:17:30.688425', NULL),
(1677, 72, 12, 113, NULL, '2024-01-08 14:17:30.689611', NULL),
(1678, 72, 13, 45, NULL, '2024-01-08 14:17:30.690733', NULL),
(1679, 72, 13, 46, NULL, '2024-01-08 14:17:30.691827', NULL),
(1680, 72, 13, 47, NULL, '2024-01-08 14:17:30.693094', NULL),
(1681, 72, 13, 48, NULL, '2024-01-08 14:17:30.694214', NULL),
(1682, 72, 13, 114, NULL, '2024-01-08 14:17:30.695367', NULL),
(1683, 72, 14, NULL, 'answerTextViewOne', '2024-01-08 14:17:30.696652', NULL),
(1684, 72, 15, NULL, 'answerTextViewtwo', '2024-01-08 14:17:30.697804', NULL),
(1685, 72, 16, NULL, 'answerTextViewthree', '2024-01-08 14:17:30.698934', NULL),
(1686, 75, 1, 1, NULL, '2024-02-20 06:46:25.857342', NULL),
(1687, 75, 2, 3, NULL, '2024-02-20 06:46:25.858791', NULL),
(1688, 75, 3, 5, NULL, '2024-02-20 06:46:25.859724', NULL),
(1689, 75, 4, 60, NULL, '2024-02-20 06:46:25.860547', NULL),
(1690, 75, 8, 25, NULL, '2024-02-20 06:46:25.861363', NULL),
(1691, 75, 8, 26, NULL, '2024-02-20 06:46:25.862077', NULL),
(1692, 75, 8, 27, NULL, '2024-02-20 06:46:25.863225', NULL),
(1693, 75, 8, 28, NULL, '2024-02-20 06:46:25.863897', NULL),
(1694, 75, 8, 67, NULL, '2024-02-20 06:46:25.864733', NULL),
(1695, 75, 9, 29, NULL, '2024-02-20 06:46:25.865747', NULL),
(1696, 75, 9, 30, NULL, '2024-02-20 06:46:25.866480', NULL),
(1697, 75, 9, 31, NULL, '2024-02-20 06:46:25.867209', NULL),
(1698, 75, 9, 32, NULL, '2024-02-20 06:46:25.867868', NULL),
(1699, 75, 9, 85, NULL, '2024-02-20 06:46:25.868490', NULL),
(1700, 75, 10, 33, NULL, '2024-02-20 06:46:25.869166', NULL),
(1701, 75, 10, 34, NULL, '2024-02-20 06:46:25.870069', NULL),
(1702, 75, 10, 35, NULL, '2024-02-20 06:46:25.871859', NULL),
(1703, 75, 10, 36, NULL, '2024-02-20 06:46:25.873058', NULL),
(1704, 75, 10, 97, NULL, '2024-02-20 06:46:25.873870', NULL),
(1705, 75, 11, 37, NULL, '2024-02-20 06:46:25.874734', NULL),
(1706, 75, 11, 38, NULL, '2024-02-20 06:46:25.875704', NULL),
(1707, 75, 11, 39, NULL, '2024-02-20 06:46:25.876584', NULL),
(1708, 75, 11, 40, NULL, '2024-02-20 06:46:25.877439', NULL),
(1709, 75, 11, 111, NULL, '2024-02-20 06:46:25.878247', NULL),
(1710, 75, 12, 41, NULL, '2024-02-20 06:46:25.879013', NULL),
(1711, 75, 12, 42, NULL, '2024-02-20 06:46:25.879790', NULL),
(1712, 75, 12, 43, NULL, '2024-02-20 06:46:25.880661', NULL),
(1713, 75, 12, 44, NULL, '2024-02-20 06:46:25.881504', NULL),
(1714, 75, 12, 112, NULL, '2024-02-20 06:46:25.882254', NULL),
(1715, 75, 13, 45, NULL, '2024-02-20 06:46:25.883590', NULL),
(1716, 75, 13, 46, NULL, '2024-02-20 06:46:25.884518', NULL),
(1717, 75, 13, 47, NULL, '2024-02-20 06:46:25.885561', NULL),
(1718, 75, 13, 48, NULL, '2024-02-20 06:46:25.886612', NULL),
(1719, 75, 13, 114, NULL, '2024-02-20 06:46:25.887612', NULL),
(1720, 75, 14, NULL, 'answerTextViewOne', '2024-02-20 06:46:25.888578', NULL),
(1721, 75, 15, NULL, 'answerTextViewtwo', '2024-02-20 06:46:25.889426', NULL),
(1722, 75, 16, NULL, 'answerTextViewthree', '2024-02-20 06:46:25.890572', NULL),
(1723, 76, 1, 53, NULL, '2024-02-20 07:21:25.263000', NULL),
(1724, 76, 2, 4, NULL, '2024-02-20 07:21:25.265993', NULL),
(1725, 76, 3, 6, NULL, '2024-02-20 07:21:25.266697', NULL),
(1726, 76, 4, 64, NULL, '2024-02-20 07:21:25.267353', NULL),
(1727, 76, 5, 13, NULL, '2024-02-20 07:21:25.268002', NULL),
(1728, 76, 5, 14, NULL, '2024-02-20 07:21:25.268648', NULL),
(1729, 76, 5, 15, NULL, '2024-02-20 07:21:25.269419', NULL),
(1730, 76, 5, 16, NULL, '2024-02-20 07:21:25.270052', NULL),
(1731, 76, 5, 130, NULL, '2024-02-20 07:21:25.270937', NULL),
(1732, 76, 5, 131, NULL, '2024-02-20 07:21:25.271597', NULL),
(1733, 76, 5, 132, NULL, '2024-02-20 07:21:25.272379', NULL),
(1734, 76, 5, 133, NULL, '2024-02-20 07:21:25.273094', NULL),
(1735, 76, 5, 134, NULL, '2024-02-20 07:21:25.273838', NULL),
(1736, 76, 5, 135, NULL, '2024-02-20 07:21:25.274509', NULL),
(1737, 76, 6, 17, NULL, '2024-02-20 07:21:25.275150', NULL),
(1738, 76, 6, 18, NULL, '2024-02-20 07:21:25.275769', NULL),
(1739, 76, 6, 19, NULL, '2024-02-20 07:21:25.276764', NULL),
(1740, 76, 6, 20, NULL, '2024-02-20 07:21:25.277794', NULL),
(1741, 76, 6, 148, NULL, '2024-02-20 07:21:25.278492', NULL),
(1742, 76, 6, 149, NULL, '2024-02-20 07:21:25.279299', NULL),
(1743, 76, 6, 150, NULL, '2024-02-20 07:21:25.279960', NULL),
(1744, 76, 6, 151, NULL, '2024-02-20 07:21:25.280622', NULL),
(1745, 76, 6, 152, NULL, '2024-02-20 07:21:25.281352', NULL),
(1746, 76, 7, 21, NULL, '2024-02-20 07:21:25.281998', NULL),
(1747, 76, 7, 22, NULL, '2024-02-20 07:21:25.282582', NULL),
(1748, 76, 7, 23, NULL, '2024-02-20 07:21:25.283532', NULL),
(1749, 76, 7, 24, NULL, '2024-02-20 07:21:25.284310', NULL),
(1750, 76, 7, 162, NULL, '2024-02-20 07:21:25.285074', NULL),
(1751, 76, 8, 25, NULL, '2024-02-20 07:21:25.285775', NULL),
(1752, 76, 8, 26, NULL, '2024-02-20 07:21:25.286460', NULL),
(1753, 76, 8, 27, NULL, '2024-02-20 07:21:25.287148', NULL),
(1754, 76, 8, 28, NULL, '2024-02-20 07:21:25.287971', NULL),
(1755, 76, 8, 67, NULL, '2024-02-20 07:21:25.288667', NULL),
(1756, 76, 8, 68, NULL, '2024-02-20 07:21:25.289441', NULL),
(1757, 76, 9, 29, NULL, '2024-02-20 07:21:25.290234', NULL),
(1758, 76, 9, 30, NULL, '2024-02-20 07:21:25.290976', NULL),
(1759, 76, 9, 31, NULL, '2024-02-20 07:21:25.291802', NULL),
(1760, 76, 9, 32, NULL, '2024-02-20 07:21:25.292528', NULL),
(1761, 76, 9, 85, NULL, '2024-02-20 07:21:25.293288', NULL),
(1762, 76, 9, 86, NULL, '2024-02-20 07:21:25.294053', NULL),
(1763, 76, 10, 33, NULL, '2024-02-20 07:21:25.294807', NULL),
(1764, 76, 10, 34, NULL, '2024-02-20 07:21:25.295460', NULL),
(1765, 76, 10, 35, NULL, '2024-02-20 07:21:25.296261', NULL),
(1766, 76, 10, 36, NULL, '2024-02-20 07:21:25.296950', NULL),
(1767, 76, 10, 97, NULL, '2024-02-20 07:21:25.297880', NULL),
(1768, 76, 10, 98, NULL, '2024-02-20 07:21:25.298530', NULL),
(1769, 76, 11, 37, NULL, '2024-02-20 07:21:25.299208', NULL),
(1770, 76, 11, 38, NULL, '2024-02-20 07:21:25.299930', NULL),
(1771, 76, 11, 39, NULL, '2024-02-20 07:21:25.300644', NULL),
(1772, 76, 11, 40, NULL, '2024-02-20 07:21:25.301701', NULL),
(1773, 76, 11, 111, NULL, '2024-02-20 07:21:25.302428', NULL),
(1774, 76, 12, 41, NULL, '2024-02-20 07:21:25.303113', NULL),
(1775, 76, 12, 42, NULL, '2024-02-20 07:21:25.303845', NULL),
(1776, 76, 12, 43, NULL, '2024-02-20 07:21:25.304617', NULL),
(1777, 76, 12, 44, NULL, '2024-02-20 07:21:25.305647', NULL),
(1778, 76, 12, 112, NULL, '2024-02-20 07:21:25.306425', NULL),
(1779, 76, 13, 115, NULL, '2024-02-20 07:21:25.307137', NULL),
(1780, 76, 13, 116, NULL, '2024-02-20 07:21:25.307835', NULL),
(1781, 76, 13, 117, NULL, '2024-02-20 07:21:25.308553', NULL),
(1782, 76, 13, 118, NULL, '2024-02-20 07:21:25.309361', NULL),
(1783, 76, 13, 119, NULL, '2024-02-20 07:21:25.310098', NULL),
(1784, 76, 13, 120, NULL, '2024-02-20 07:21:25.310690', NULL),
(1785, 76, 13, 121, NULL, '2024-02-20 07:21:25.311321', NULL),
(1786, 76, 14, NULL, 'answerTextViewOne', '2024-02-20 07:21:25.312205', NULL),
(1787, 76, 15, NULL, 'answerTextViewtwo', '2024-02-20 07:21:25.313011', NULL),
(1788, 76, 16, NULL, 'answerTextViewthree', '2024-02-20 07:21:25.313627', NULL),
(1789, 77, 1, 1, NULL, '2024-02-20 09:27:42.189676', NULL),
(1790, 77, 2, 3, NULL, '2024-02-20 09:27:42.191142', NULL),
(1791, 77, 3, 5, NULL, '2024-02-20 09:27:42.191983', NULL),
(1792, 77, 4, 60, NULL, '2024-02-20 09:27:42.192900', NULL),
(1793, 77, 5, 13, NULL, '2024-02-20 09:27:42.194394', NULL),
(1794, 77, 6, 17, NULL, '2024-02-20 09:27:42.195302', NULL),
(1795, 77, 7, 21, NULL, '2024-02-20 09:27:42.196086', NULL),
(1796, 77, 8, 25, NULL, '2024-02-20 09:27:42.196736', NULL),
(1797, 77, 8, 26, NULL, '2024-02-20 09:27:42.197531', NULL),
(1798, 77, 8, 27, NULL, '2024-02-20 09:27:42.198229', NULL),
(1799, 77, 8, 28, NULL, '2024-02-20 09:27:42.198951', NULL),
(1800, 77, 8, 67, NULL, '2024-02-20 09:27:42.199596', NULL),
(1801, 77, 8, 68, NULL, '2024-02-20 09:27:42.200294', NULL),
(1802, 77, 9, 29, NULL, '2024-02-20 09:27:42.201030', NULL),
(1803, 77, 9, 30, NULL, '2024-02-20 09:27:42.202433', NULL),
(1804, 77, 9, 31, NULL, '2024-02-20 09:27:42.203298', NULL),
(1805, 77, 9, 32, NULL, '2024-02-20 09:27:42.204046', NULL),
(1806, 77, 9, 85, NULL, '2024-02-20 09:27:42.204831', NULL),
(1807, 77, 10, 33, NULL, '2024-02-20 09:27:42.205654', NULL),
(1808, 77, 10, 34, NULL, '2024-02-20 09:27:42.206396', NULL),
(1809, 77, 10, 35, NULL, '2024-02-20 09:27:42.207357', NULL),
(1810, 77, 10, 36, NULL, '2024-02-20 09:27:42.208147', NULL),
(1811, 77, 10, 97, NULL, '2024-02-20 09:27:42.208885', NULL),
(1812, 77, 10, 98, NULL, '2024-02-20 09:27:42.209728', NULL),
(1813, 77, 11, 37, NULL, '2024-02-20 09:27:42.210510', NULL),
(1814, 77, 11, 38, NULL, '2024-02-20 09:27:42.211411', NULL),
(1815, 77, 11, 39, NULL, '2024-02-20 09:27:42.212269', NULL),
(1816, 77, 11, 40, NULL, '2024-02-20 09:27:42.213000', NULL),
(1817, 77, 11, 111, NULL, '2024-02-20 09:27:42.213642', NULL),
(1818, 77, 12, 41, NULL, '2024-02-20 09:27:42.214352', NULL),
(1819, 77, 12, 42, NULL, '2024-02-20 09:27:42.215017', NULL),
(1820, 77, 12, 43, NULL, '2024-02-20 09:27:42.215715', NULL),
(1821, 77, 12, 44, NULL, '2024-02-20 09:27:42.217107', NULL),
(1822, 77, 12, 112, NULL, '2024-02-20 09:27:42.218931', NULL),
(1823, 77, 13, 45, NULL, '2024-02-20 09:27:42.219649', NULL),
(1824, 77, 13, 46, NULL, '2024-02-20 09:27:42.220345', NULL),
(1825, 77, 13, 47, NULL, '2024-02-20 09:27:42.221022', NULL),
(1826, 77, 13, 48, NULL, '2024-02-20 09:27:42.221700', NULL),
(1827, 77, 13, 114, NULL, '2024-02-20 09:27:42.222388', NULL),
(1828, 77, 13, 115, NULL, '2024-02-20 09:27:42.223311', NULL),
(1829, 77, 13, 116, NULL, '2024-02-20 09:27:42.223990', NULL),
(1830, 77, 14, NULL, 'answerTextViewOne', '2024-02-20 09:27:42.224649', NULL),
(1831, 77, 15, NULL, 'answerTextViewtwo', '2024-02-20 09:27:42.225566', NULL),
(1832, 77, 16, NULL, 'answerTextViewthree', '2024-02-20 09:27:42.226200', NULL),
(1833, 79, 1, 1, NULL, '2024-02-20 11:22:56.145785', NULL),
(1834, 79, 2, 3, NULL, '2024-02-20 11:22:56.155238', NULL),
(1835, 79, 3, 5, NULL, '2024-02-20 11:22:56.156543', NULL),
(1836, 79, 4, 60, NULL, '2024-02-20 11:22:56.157294', NULL),
(1837, 79, 5, 13, NULL, '2024-02-20 11:22:56.158966', NULL),
(1838, 79, 5, 14, NULL, '2024-02-20 11:22:56.159673', NULL),
(1839, 79, 6, 17, NULL, '2024-02-20 11:22:56.160554', NULL),
(1840, 79, 6, 18, NULL, '2024-02-20 11:22:56.161356', NULL),
(1841, 79, 6, 20, NULL, '2024-02-20 11:22:56.162340', NULL),
(1842, 79, 7, 21, NULL, '2024-02-20 11:22:56.163155', NULL),
(1843, 79, 7, 22, NULL, '2024-02-20 11:22:56.163864', NULL),
(1844, 79, 7, 24, NULL, '2024-02-20 11:22:56.164619', NULL),
(1845, 79, 8, 26, NULL, '2024-02-20 11:22:56.165464', NULL),
(1846, 79, 8, 28, NULL, '2024-02-20 11:22:56.166665', NULL),
(1847, 79, 8, 68, NULL, '2024-02-20 11:22:56.173669', NULL),
(1848, 79, 8, 70, NULL, '2024-02-20 11:22:56.174675', NULL),
(1849, 79, 9, 30, NULL, '2024-02-20 11:22:56.175314', NULL),
(1850, 79, 9, 32, NULL, '2024-02-20 11:22:56.175920', NULL),
(1851, 79, 9, 86, NULL, '2024-02-20 11:22:56.176521', NULL),
(1852, 79, 10, 34, NULL, '2024-02-20 11:22:56.177305', NULL),
(1853, 79, 10, 36, NULL, '2024-02-20 11:22:56.177973', NULL),
(1854, 79, 10, 98, NULL, '2024-02-20 11:22:56.178739', NULL),
(1855, 79, 11, 38, NULL, '2024-02-20 11:22:56.179370', NULL),
(1856, 79, 11, 40, NULL, '2024-02-20 11:22:56.180130', NULL),
(1857, 79, 12, 42, NULL, '2024-02-20 11:22:56.180806', NULL),
(1858, 79, 12, 44, NULL, '2024-02-20 11:22:56.181501', NULL),
(1859, 79, 12, 113, NULL, '2024-02-20 11:22:56.182212', NULL),
(1860, 79, 13, 46, NULL, '2024-02-20 11:22:56.182872', NULL),
(1861, 79, 13, 48, NULL, '2024-02-20 11:22:56.183518', NULL),
(1862, 79, 13, 115, NULL, '2024-02-20 11:22:56.184133', NULL),
(1863, 79, 14, NULL, 'No', '2024-02-20 11:22:56.184764', NULL),
(1864, 79, 15, NULL, 'No', '2024-02-20 11:22:56.185526', NULL),
(1865, 79, 16, NULL, 'No', '2024-02-20 11:22:56.186270', NULL),
(1866, 23, 1, 1, NULL, '2024-02-27 15:28:24.650418', NULL),
(1867, 23, 2, 57, NULL, '2024-02-27 15:28:24.651944', NULL),
(1868, 23, 3, 6, NULL, '2024-02-27 15:28:24.652739', NULL),
(1869, 23, 4, 64, NULL, '2024-02-27 15:28:24.653863', NULL),
(1870, 23, 5, 13, NULL, '2024-02-27 15:28:24.654613', NULL),
(1871, 23, 5, 14, NULL, '2024-02-27 15:28:24.655292', NULL),
(1872, 23, 5, 15, NULL, '2024-02-27 15:28:24.655922', NULL),
(1873, 23, 5, 16, NULL, '2024-02-27 15:28:24.656850', NULL),
(1874, 23, 6, 17, NULL, '2024-02-27 15:28:24.657546', NULL),
(1875, 23, 7, 23, NULL, '2024-02-27 15:28:24.658211', NULL),
(1876, 23, 8, 26, NULL, '2024-02-27 15:28:24.658878', NULL),
(1877, 23, 8, 28, NULL, '2024-02-27 15:28:24.659573', NULL),
(1878, 23, 8, 68, NULL, '2024-02-27 15:28:24.660300', NULL),
(1879, 23, 8, 70, NULL, '2024-02-27 15:28:24.661121', NULL),
(1880, 23, 9, 30, NULL, '2024-02-27 15:28:24.661804', NULL),
(1881, 23, 9, 85, NULL, '2024-02-27 15:28:24.662465', NULL),
(1882, 23, 10, 33, NULL, '2024-02-27 15:28:24.663287', NULL),
(1883, 23, 11, 38, NULL, '2024-02-27 15:28:24.664255', NULL),
(1884, 23, 11, 39, NULL, '2024-02-27 15:28:24.664911', NULL),
(1885, 23, 12, 43, NULL, '2024-02-27 15:28:24.665583', NULL),
(1886, 23, 12, 44, NULL, '2024-02-27 15:28:24.666384', NULL),
(1887, 23, 13, 48, NULL, '2024-02-27 15:28:24.667115', NULL),
(1888, 23, 13, 118, NULL, '2024-02-27 15:28:24.667772', NULL),
(1889, 23, 14, NULL, 'answerTextViewOne', '2024-02-27 15:28:24.668464', NULL),
(1890, 23, 15, NULL, 'answerTextViewtwo', '2024-02-27 15:28:24.669764', NULL),
(1891, 23, 16, NULL, 'answerTextViewthree', '2024-02-27 15:28:24.670440', NULL),
(1892, 2, 1, 1, NULL, '2024-03-01 08:10:58.181687', NULL),
(1893, 2, 2, 3, NULL, '2024-03-01 08:10:58.183723', NULL),
(1894, 2, 3, 5, NULL, '2024-03-01 08:10:58.184433', NULL),
(1895, 2, 4, 59, NULL, '2024-03-01 08:10:58.185516', NULL),
(1896, 2, 8, 25, NULL, '2024-03-01 08:10:58.186395', NULL),
(1897, 2, 8, 27, NULL, '2024-03-01 08:10:58.188885', NULL),
(1898, 2, 8, 67, NULL, '2024-03-01 08:10:58.190002', NULL),
(1899, 2, 8, 69, NULL, '2024-03-01 08:10:58.190894', NULL),
(1900, 2, 8, 71, NULL, '2024-03-01 08:10:58.191675', NULL),
(1901, 2, 9, 29, NULL, '2024-03-01 08:10:58.192321', NULL),
(1902, 2, 9, 31, NULL, '2024-03-01 08:10:58.193012', NULL),
(1903, 2, 9, 85, NULL, '2024-03-01 08:10:58.193692', NULL),
(1904, 2, 9, 87, NULL, '2024-03-01 08:10:58.194391', NULL),
(1905, 2, 9, 89, NULL, '2024-03-01 08:10:58.195202', NULL),
(1906, 2, 10, 33, NULL, '2024-03-01 08:10:58.196125', NULL),
(1907, 2, 10, 35, NULL, '2024-03-01 08:10:58.197714', NULL),
(1908, 2, 10, 97, NULL, '2024-03-01 08:10:58.198559', NULL),
(1909, 2, 10, 99, NULL, '2024-03-01 08:10:58.199232', NULL),
(1910, 2, 11, 37, NULL, '2024-03-01 08:10:58.199984', NULL),
(1911, 2, 11, 39, NULL, '2024-03-01 08:10:58.200599', NULL),
(1912, 2, 11, 111, NULL, '2024-03-01 08:10:58.201150', NULL),
(1913, 2, 11, 38, NULL, '2024-03-01 08:10:58.201744', NULL),
(1914, 2, 11, 40, NULL, '2024-03-01 08:10:58.202417', NULL),
(1915, 2, 12, 41, NULL, '2024-03-01 08:10:58.203087', NULL),
(1916, 2, 12, 43, NULL, '2024-03-01 08:10:58.204012', NULL),
(1917, 2, 12, 112, NULL, '2024-03-01 08:10:58.205027', NULL),
(1918, 2, 12, 42, NULL, '2024-03-01 08:10:58.205789', NULL),
(1919, 2, 12, 44, NULL, '2024-03-01 08:10:58.206571', NULL),
(1920, 2, 13, 45, NULL, '2024-03-01 08:10:58.207404', NULL),
(1921, 2, 13, 47, NULL, '2024-03-01 08:10:58.208185', NULL),
(1922, 2, 13, 114, NULL, '2024-03-01 08:10:58.209319', NULL),
(1923, 2, 13, 118, NULL, '2024-03-01 08:10:58.210042', NULL),
(1924, 2, 13, 46, NULL, '2024-03-01 08:10:58.210999', NULL),
(1925, 2, 13, 48, NULL, '2024-03-01 08:10:58.211768', NULL),
(1926, 2, 14, NULL, 'no problem', '2024-03-01 08:10:58.212824', NULL),
(1927, 2, 15, NULL, 'no comments', '2024-03-01 08:10:58.213579', NULL),
(1928, 2, 16, NULL, 'no', '2024-03-01 08:10:58.214369', NULL),
(1929, 81, 1, 2, NULL, '2024-03-01 08:20:36.067909', NULL),
(1930, 81, 2, 4, NULL, '2024-03-01 08:20:36.069154', NULL),
(1931, 81, 3, 6, NULL, '2024-03-01 08:20:36.070026', NULL),
(1932, 81, 4, 65, NULL, '2024-03-01 08:20:36.070757', NULL),
(1933, 81, 8, 25, NULL, '2024-03-01 08:20:36.071345', NULL),
(1934, 81, 9, 29, NULL, '2024-03-01 08:20:36.071971', NULL),
(1935, 81, 10, 33, NULL, '2024-03-01 08:20:36.072564', NULL),
(1936, 81, 11, 37, NULL, '2024-03-01 08:20:36.073266', NULL),
(1937, 81, 12, 42, NULL, '2024-03-01 08:20:36.082052', NULL),
(1938, 81, 12, 44, NULL, '2024-03-01 08:20:36.082990', NULL),
(1939, 81, 12, 41, NULL, '2024-03-01 08:20:36.083783', NULL),
(1940, 81, 13, 45, NULL, '2024-03-01 08:20:36.084548', NULL),
(1941, 81, 14, NULL, 'no', '2024-03-01 08:20:36.085170', NULL),
(1942, 81, 15, NULL, 'no', '2024-03-01 08:20:36.085820', NULL),
(1943, 81, 16, NULL, 'no', '2024-03-01 08:20:36.086481', NULL),
(1944, 84, 1, 54, NULL, '2024-03-01 09:48:53.967109', NULL),
(1945, 84, 2, 58, NULL, '2024-03-01 09:48:53.969945', NULL),
(1946, 84, 3, 7, NULL, '2024-03-01 09:48:53.970966', NULL),
(1947, 84, 4, 62, NULL, '2024-03-01 09:48:53.971748', NULL),
(1948, 84, 5, 13, NULL, '2024-03-01 09:48:53.972457', NULL),
(1949, 84, 6, 17, NULL, '2024-03-01 09:48:53.973165', NULL),
(1950, 84, 7, 21, NULL, '2024-03-01 09:48:53.973805', NULL),
(1951, 84, 8, 25, NULL, '2024-03-01 09:48:53.974598', NULL),
(1952, 84, 8, 26, NULL, '2024-03-01 09:48:53.975239', NULL),
(1953, 84, 8, 27, NULL, '2024-03-01 09:48:53.976237', NULL),
(1954, 84, 8, 28, NULL, '2024-03-01 09:48:53.977465', NULL),
(1955, 84, 8, 67, NULL, '2024-03-01 09:48:53.978233', NULL),
(1956, 84, 8, 68, NULL, '2024-03-01 09:48:53.979195', NULL),
(1957, 84, 9, 29, NULL, '2024-03-01 09:48:53.979973', NULL),
(1958, 84, 9, 30, NULL, '2024-03-01 09:48:53.980837', NULL),
(1959, 84, 9, 31, NULL, '2024-03-01 09:48:53.981642', NULL),
(1960, 84, 9, 32, NULL, '2024-03-01 09:48:53.982855', NULL),
(1961, 84, 9, 85, NULL, '2024-03-01 09:48:53.983604', NULL),
(1962, 84, 9, 86, NULL, '2024-03-01 09:48:53.984326', NULL),
(1963, 84, 10, 33, NULL, '2024-03-01 09:48:53.985148', NULL),
(1964, 84, 11, 37, NULL, '2024-03-01 09:48:53.985803', NULL),
(1965, 84, 12, 41, NULL, '2024-03-01 09:48:53.986485', NULL),
(1966, 84, 13, 45, NULL, '2024-03-01 09:48:53.987050', NULL),
(1967, 84, 14, NULL, 'Na', '2024-03-01 09:48:53.987650', NULL),
(1968, 84, 15, NULL, 'Na', '2024-03-01 09:48:53.988180', NULL),
(1969, 84, 16, NULL, 'Na', '2024-03-01 09:48:53.988827', NULL),
(1970, 48, 1, 1, NULL, '2024-03-12 14:13:34.059203', NULL),
(1971, 48, 2, 3, NULL, '2024-03-12 14:13:34.063953', NULL),
(1972, 48, 3, 5, NULL, '2024-03-12 14:13:34.065863', NULL),
(1973, 48, 4, 59, NULL, '2024-03-12 14:13:34.066895', NULL),
(1974, 48, 5, 13, NULL, '2024-03-12 14:13:34.068901', NULL),
(1975, 48, 6, 17, NULL, '2024-03-12 14:13:34.070817', NULL),
(1976, 48, 7, 21, NULL, '2024-03-12 14:13:34.071514', NULL),
(1977, 48, 8, 26, NULL, '2024-03-12 14:13:34.072183', NULL),
(1978, 48, 8, 28, NULL, '2024-03-12 14:13:34.072890', NULL),
(1979, 48, 8, 70, NULL, '2024-03-12 14:13:34.073573', NULL),
(1980, 48, 9, 30, NULL, '2024-03-12 14:13:34.074233', NULL),
(1981, 48, 9, 32, NULL, '2024-03-12 14:13:34.074876', NULL),
(1982, 48, 9, 88, NULL, '2024-03-12 14:13:34.075549', NULL),
(1983, 48, 10, 34, NULL, '2024-03-12 14:13:34.076172', NULL),
(1984, 48, 10, 36, NULL, '2024-03-12 14:13:34.082679', NULL),
(1985, 48, 10, 100, NULL, '2024-03-12 14:13:34.083650', NULL),
(1986, 48, 11, 38, NULL, '2024-03-12 14:13:34.084399', NULL),
(1987, 48, 11, 40, NULL, '2024-03-12 14:13:34.085293', NULL),
(1988, 48, 12, 42, NULL, '2024-03-12 14:13:34.085898', NULL),
(1989, 48, 12, 44, NULL, '2024-03-12 14:13:34.086599', NULL),
(1990, 48, 13, 46, NULL, '2024-03-12 14:13:34.087237', NULL),
(1991, 48, 13, 48, NULL, '2024-03-12 14:13:34.087867', NULL),
(1992, 48, 13, 117, NULL, '2024-03-12 14:13:34.089120', NULL),
(1993, 48, 14, NULL, 'No', '2024-03-12 14:13:34.089881', NULL),
(1994, 48, 15, NULL, 'No', '2024-03-12 14:13:34.090527', NULL),
(1995, 48, 16, NULL, 'No', '2024-03-12 14:13:34.091092', NULL),
(1996, 85, 1, 54, NULL, '2024-03-13 06:24:25.279073', NULL),
(1997, 85, 2, 3, NULL, '2024-03-13 06:24:25.280975', NULL),
(1998, 85, 3, 5, NULL, '2024-03-13 06:24:25.282307', NULL),
(1999, 85, 4, 59, NULL, '2024-03-13 06:24:25.283089', NULL),
(2000, 85, 5, 13, NULL, '2024-03-13 06:24:25.283874', NULL),
(2001, 85, 5, 14, NULL, '2024-03-13 06:24:25.285174', NULL),
(2002, 85, 5, 15, NULL, '2024-03-13 06:24:25.286168', NULL),
(2003, 85, 5, 16, NULL, '2024-03-13 06:24:25.287142', NULL),
(2004, 85, 5, 130, NULL, '2024-03-13 06:24:25.288222', NULL),
(2005, 85, 5, 131, NULL, '2024-03-13 06:24:25.289862', NULL),
(2006, 85, 6, 17, NULL, '2024-03-13 06:24:25.291649', NULL),
(2007, 85, 7, 21, NULL, '2024-03-13 06:24:25.292880', NULL),
(2008, 85, 7, 22, NULL, '2024-03-13 06:24:25.293906', NULL),
(2009, 85, 7, 23, NULL, '2024-03-13 06:24:25.294780', NULL),
(2010, 85, 8, 25, NULL, '2024-03-13 06:24:25.295841', NULL),
(2011, 85, 9, 29, NULL, '2024-03-13 06:24:25.296874', NULL),
(2012, 85, 10, 33, NULL, '2024-03-13 06:24:25.297940', NULL),
(2013, 85, 11, 37, NULL, '2024-03-13 06:24:25.298725', NULL),
(2014, 85, 12, 41, NULL, '2024-03-13 06:24:25.299469', NULL),
(2015, 85, 13, 45, NULL, '2024-03-13 06:24:25.300675', NULL),
(2016, 85, 14, NULL, 'answerTextViewOne', '2024-03-13 06:24:25.301550', NULL),
(2017, 85, 15, NULL, 'answerTextViewtwo', '2024-03-13 06:24:25.302574', NULL),
(2018, 85, 16, NULL, 'answerTextViewthree', '2024-03-13 06:24:25.303493', NULL),
(2019, 88, 1, 1, NULL, '2024-03-13 12:20:16.829822', NULL),
(2020, 88, 2, 3, NULL, '2024-03-13 12:20:16.832216', NULL),
(2021, 88, 3, 5, NULL, '2024-03-13 12:20:16.833285', NULL),
(2022, 88, 4, 60, NULL, '2024-03-13 12:20:16.833975', NULL),
(2023, 88, 8, 25, NULL, '2024-03-13 12:20:16.834976', NULL),
(2024, 88, 8, 26, NULL, '2024-03-13 12:20:16.835801', NULL),
(2025, 88, 8, 27, NULL, '2024-03-13 12:20:16.836629', NULL),
(2026, 88, 8, 28, NULL, '2024-03-13 12:20:16.837266', NULL),
(2027, 88, 8, 67, NULL, '2024-03-13 12:20:16.838003', NULL),
(2028, 88, 9, 29, NULL, '2024-03-13 12:20:16.838601', NULL),
(2029, 88, 9, 30, NULL, '2024-03-13 12:20:16.839232', NULL),
(2030, 88, 9, 31, NULL, '2024-03-13 12:20:16.839900', NULL),
(2031, 88, 9, 32, NULL, '2024-03-13 12:20:16.840478', NULL),
(2032, 88, 9, 85, NULL, '2024-03-13 12:20:16.841180', NULL),
(2033, 88, 10, 33, NULL, '2024-03-13 12:20:16.841813', NULL),
(2034, 88, 10, 34, NULL, '2024-03-13 12:20:16.842470', NULL),
(2035, 88, 10, 35, NULL, '2024-03-13 12:20:16.843145', NULL),
(2036, 88, 11, 37, NULL, '2024-03-13 12:20:16.843782', NULL),
(2037, 88, 11, 38, NULL, '2024-03-13 12:20:16.844383', NULL),
(2038, 88, 11, 39, NULL, '2024-03-13 12:20:16.845101', NULL),
(2039, 88, 12, 41, NULL, '2024-03-13 12:20:16.845746', NULL),
(2040, 88, 13, 45, NULL, '2024-03-13 12:20:16.846387', NULL),
(2041, 88, 14, NULL, 'answerTextViewOne', '2024-03-13 12:20:16.847051', NULL),
(2042, 88, 15, NULL, 'answerTextViewtwo', '2024-03-13 12:20:16.847911', NULL),
(2043, 88, 16, NULL, 'answerTextViewthree', '2024-03-13 12:20:16.848588', NULL),
(2044, 87, 1, 1, NULL, '2024-03-13 12:29:14.880818', NULL),
(2045, 87, 2, 3, NULL, '2024-03-13 12:29:14.882018', NULL),
(2046, 87, 3, 5, NULL, '2024-03-13 12:29:14.882720', NULL),
(2047, 87, 4, 59, NULL, '2024-03-13 12:29:14.883505', NULL),
(2048, 87, 5, 14, NULL, '2024-03-13 12:29:14.884695', NULL),
(2049, 87, 6, 17, NULL, '2024-03-13 12:29:14.888699', NULL),
(2050, 87, 7, 21, NULL, '2024-03-13 12:29:14.889349', NULL),
(2051, 87, 8, 25, NULL, '2024-03-13 12:29:14.890511', NULL),
(2052, 87, 10, 33, NULL, '2024-03-13 12:29:14.891172', NULL),
(2053, 87, 11, 37, NULL, '2024-03-13 12:29:14.891852', NULL),
(2054, 87, 12, 41, NULL, '2024-03-13 12:29:14.892565', NULL),
(2055, 87, 14, NULL, 'answerTextViewOne', '2024-03-13 12:29:14.893347', NULL),
(2056, 87, 15, NULL, 'answerTextViewtwo', '2024-03-13 12:29:14.894181', NULL),
(2057, 87, 16, NULL, 'answerTextViewthree', '2024-03-13 12:29:14.894937', NULL),
(2058, 90, 1, 53, NULL, '2024-03-28 07:52:14.136291', NULL),
(2059, 90, 2, 3, NULL, '2024-03-28 07:52:14.143660', NULL),
(2060, 90, 3, 6, NULL, '2024-03-28 07:52:14.144594', NULL),
(2061, 90, 4, 60, NULL, '2024-03-28 07:52:14.145545', NULL),
(2062, 90, 8, 26, NULL, '2024-03-28 07:52:14.146224', NULL),
(2063, 90, 9, 30, NULL, '2024-03-28 07:52:14.146826', NULL),
(2064, 90, 10, 33, NULL, '2024-03-28 07:52:14.147545', NULL),
(2065, 90, 11, 40, NULL, '2024-03-28 07:52:14.148231', NULL),
(2066, 90, 12, 42, NULL, '2024-03-28 07:52:14.148991', NULL),
(2067, 90, 13, 46, NULL, '2024-03-28 07:52:14.149721', NULL),
(2068, 90, 14, NULL, 'lbkhih', '2024-03-28 07:52:14.150470', NULL),
(2069, 90, 15, NULL, 'gugigig', '2024-03-28 07:52:14.151224', NULL),
(2070, 90, 16, NULL, 'ufiguuf', '2024-03-28 07:52:14.151924', NULL);

-- --------------------------------------------------------

--
-- Table structure for table `saved_card`
--

CREATE TABLE `saved_card` (
  `id` int(11) NOT NULL,
  `brand` varchar(200) NOT NULL,
  `type` varchar(200) NOT NULL,
  `lastFourDigits` varchar(100) NOT NULL,
  `created_at` timestamp NOT NULL DEFAULT current_timestamp(),
  `updated_at` timestamp NULL DEFAULT NULL ON UPDATE current_timestamp()
) ENGINE=InnoDB DEFAULT CHARSET=latin1 COLLATE=latin1_swedish_ci;

--
-- Dumping data for table `saved_card`
--

INSERT INTO `saved_card` (`id`, `brand`, `type`, `lastFourDigits`, `created_at`, `updated_at`) VALUES
(1, 'visa', 'card', '4242', '2023-01-24 12:04:42', NULL),
(2, 'hdfc', 'card', 'xxxx', '2023-01-24 16:47:54', NULL),
(3, 'visa', 'card', '3295', '2023-06-16 10:12:52', NULL);

-- --------------------------------------------------------

--
-- Table structure for table `schools`
--

CREATE TABLE `schools` (
  `id` int(11) NOT NULL,
  `name` varchar(200) NOT NULL,
  `email` varchar(200) NOT NULL,
  `password` varchar(200) NOT NULL,
  `role_id` int(50) NOT NULL,
  `remember_token` varchar(200) NOT NULL,
  `email_verified_at` varchar(200) NOT NULL,
  `created_at` datetime NOT NULL DEFAULT current_timestamp(),
  `updated_at` datetime NOT NULL DEFAULT current_timestamp()
) ENGINE=InnoDB DEFAULT CHARSET=utf8mb4 COLLATE=utf8mb4_general_ci;

--
-- Dumping data for table `schools`
--

INSERT INTO `schools` (`id`, `name`, `email`, `password`, `role_id`, `remember_token`, `email_verified_at`, `created_at`, `updated_at`) VALUES
(1, 'admin', 'school@gmail.com', '123456789', 1, '', '', '2021-08-26 18:11:31', '2021-08-26 18:11:31');

-- --------------------------------------------------------

--
-- Table structure for table `skills`
--

CREATE TABLE `skills` (
  `id` int(11) NOT NULL,
  `professional_id` varchar(11) DEFAULT NULL,
  `skill` varchar(200) DEFAULT NULL,
  `created_at` timestamp NOT NULL DEFAULT current_timestamp(),
  `updated_at` timestamp NULL DEFAULT NULL ON UPDATE current_timestamp()
) ENGINE=InnoDB DEFAULT CHARSET=utf8mb4 COLLATE=utf8mb4_general_ci;

--
-- Dumping data for table `skills`
--

INSERT INTO `skills` (`id`, `professional_id`, `skill`, `created_at`, `updated_at`) VALUES
(3, '1', 'Laravel', '2022-04-02 09:17:37', '2022-04-02 09:17:37'),
(4, '1', 'Html', '2022-04-02 12:54:02', '2022-04-02 12:54:02'),
(5, '1', 'Java', '2022-04-02 12:54:02', '2022-04-02 12:54:02'),
(6, '1', 'Codeignitor', '2022-04-02 12:54:02', '2022-04-02 12:54:02'),
(7, '2', 'Java', '2022-04-09 15:12:00', '2022-04-09 15:12:00'),
(8, '2', 'Codeignitor', '2022-04-09 15:12:00', '2022-04-09 15:12:00'),
(9, '3', 'Php', '2022-04-10 14:43:13', '2022-04-10 14:43:13'),
(10, '3', 'Html', '2022-04-10 14:43:13', '2022-04-10 14:43:13'),
(11, '3', 'Codeignitor', '2022-04-10 14:43:13', '2022-04-10 14:43:13'),
(12, '4', 'Php', '2022-04-10 14:44:36', '2022-04-10 14:44:36'),
(13, '4', 'Html', '2022-04-10 14:44:36', '2022-04-10 14:44:36'),
(14, '4', 'Codeignitor', '2022-04-10 14:44:36', '2022-04-10 14:44:36'),
(15, '5', 'Codeignitor', '2022-04-10 14:46:07', '2022-04-10 14:46:07'),
(16, '5', 'Html', '2022-05-27 16:20:45', '2022-05-27 16:20:45');

-- --------------------------------------------------------

--
-- Table structure for table `tbl_users`
--

CREATE TABLE `tbl_users` (
  `id` int(11) NOT NULL,
  `coach_id` bigint(20) UNSIGNED DEFAULT NULL,
  `name` varchar(200) DEFAULT NULL,
  `email` varchar(200) DEFAULT NULL,
  `contact` varchar(200) DEFAULT NULL,
  `password` varchar(255) DEFAULT NULL,
  `dob` date DEFAULT NULL,
  `payment_status` int(11) NOT NULL,
  `isActive` varchar(255) DEFAULT '1',
  `token` varchar(200) DEFAULT NULL,
  `height` varchar(200) DEFAULT NULL,
  `weight` varchar(200) DEFAULT NULL,
  `gender` varchar(200) DEFAULT NULL,
  `body_type` varchar(200) DEFAULT NULL,
  `frontshot` varchar(200) DEFAULT NULL,
  `backshot` varchar(200) DEFAULT NULL,
  `cover_pic` varchar(200) DEFAULT NULL,
  `current_shot` varchar(200) DEFAULT NULL,
  `plan` varchar(200) DEFAULT NULL,
  `otp` varchar(100) DEFAULT NULL,
  `provider_id` varchar(500) DEFAULT NULL,
  `provider_name` varchar(200) DEFAULT NULL,
  `isQuestionsSubmitted` int(11) NOT NULL DEFAULT 0,
  `created_at` timestamp NOT NULL DEFAULT current_timestamp(),
  `updated_at` timestamp NULL DEFAULT NULL ON UPDATE current_timestamp(),
  `fcm_token` varchar(255) DEFAULT NULL
) ENGINE=InnoDB DEFAULT CHARSET=utf8mb4 COLLATE=utf8mb4_general_ci;

--
-- Dumping data for table `tbl_users`
--

INSERT INTO `tbl_users` (`id`, `coach_id`, `name`, `email`, `contact`, `password`, `dob`, `payment_status`, `isActive`, `token`, `height`, `weight`, `gender`, `body_type`, `frontshot`, `backshot`, `cover_pic`, `current_shot`, `plan`, `otp`, `provider_id`, `provider_name`, `isQuestionsSubmitted`, `created_at`, `updated_at`, `fcm_token`) VALUES
(1, NULL, 'kinjal', 'kinjal@gmail.com', '8468921900', '$2y$10$zd2MwOJDQxoBKDtCSZJKTugfblzwva80LAg8PEAH.zhQqTFnPsSFq', '2001-03-01', 1, '1', 'lca2MIyTpcZ7fwtgyA12YB97F1aABLqGWvRa751VldPfKdX75d', '111', '111', 'Male', 'Mesomorph', 'https://securityoncalls.com/projects/brad/public/uploads/frontshot/1692350399.jpg', 'https://securityoncalls.com/projects/brad/public/uploads/backshot/1692350399.jpg', 'https://securityoncalls.com/projects/brad/public/uploads/cover_pic/1679145370.png', 'https://securityoncalls.com/projects/brad/public/uploads/frontshot/1680077439.jpg', NULL, NULL, NULL, NULL, 0, '2023-03-17 07:21:33', '2024-03-18 10:21:29', NULL),
(2, NULL, 'bhavesh jain', 'deepak.quantumitinnovation@gmail.com', '7620444845', '$2y$10$v7mtYjthkQx9n4pFZEVX1OykkeKwSaLlxorenjV3z1iolqg6EotVe', '2023-03-17', 1, '1', '01zN7wpQjP16cwgf4Ef9mM8ZGfTJt014VrIb8ajGBJiAZsefLp', '5.8', '58', 'Male', 'Endomorph', 'https://securityoncalls.com/projects/brad/public/uploads/frontshot/1679038203.jpg', 'https://securityoncalls.com/projects/brad/public/uploads/backshot/1679038203.jpg', 'https://securityoncalls.com/projects/brad/public/uploads/cover_pic/1710256771.jpg', 'https://securityoncalls.com/projects/brad/public/uploads/frontshot/1710256729.jpg', NULL, '8503', NULL, NULL, 1, '2023-03-17 07:23:11', '2024-04-03 04:21:27', NULL),
(3, NULL, 'Shubham Khare', 'khareshubham298@gmail.com', NULL, '?8:P)U,h7Eiq', NULL, 0, '1', 'OeDh7m2Wl8agO1La40jniNkFoykLOHrkoj3JVo5E1tAFwSxWF5', NULL, NULL, NULL, NULL, NULL, NULL, NULL, NULL, NULL, NULL, '106977880724242789434', 'GOOGLE', 0, '2023-03-21 15:20:23', NULL, NULL),
(4, NULL, 'Shubham Khare', NULL, NULL, 'JWOAR2c)CrbL', NULL, 0, '1', 'v45GLWdc0JOtLFxpaw4Zaib0Zoy7zqXcyLOq66kCMuhki3GeHp', NULL, NULL, NULL, NULL, NULL, NULL, 'https://graph.facebook.com/v3.3/1436243663540501/picture?type=normal', NULL, NULL, '2946', '1436243663540501', 'FACEBOOK', 0, '2023-03-21 15:20:58', '2024-03-13 09:05:39', NULL),
(8, NULL, 'benjamin revardeau', 'bn.revardeau@gmail.com', NULL, 'Vu*%N(pXk87Z', NULL, 1, '1', 'pKZn5B0RX9S32Gy6XZbOZurlPP9QYzJY9gnmhkfBHig4JLILTC', NULL, NULL, NULL, NULL, NULL, NULL, NULL, NULL, NULL, NULL, '114455891560040465975', 'GOOGLE', 0, '2023-03-26 14:10:08', '2024-03-13 11:42:17', NULL),
(10, NULL, 'test apple', 'testapple@mail.com', NULL, '$2y$10$I2PMp9nmyUHZkL8PsumcfOxD6eRUpClYvwkDgjjFgJhp5bfkii6ua', NULL, 0, '1', 'Ws6jcQLjc4FUGTbK1XdcR4Eoi51iBOqmNQzPNsLYvEM2Jy40eQ', NULL, NULL, NULL, NULL, NULL, NULL, NULL, NULL, NULL, NULL, '123456', 'APPLE', 0, '2023-03-27 06:17:34', NULL, NULL),
(12, NULL, 'shivam', 'shivam121@gmail.com', NULL, '$2y$10$LnmHhG36KXZ4PQhf3wuOoOmAslJDgkUEdHUq3lIsH.IwyiDpHNrrW', NULL, 0, '1', '5zpFIJS71MXCj4PQS6DoSXLQnRYrMXI28EJLFiiAnEkVMqfJk0', NULL, NULL, NULL, NULL, NULL, NULL, NULL, NULL, NULL, NULL, '123456789', 'APPLE', 0, '2023-03-27 12:35:28', NULL, NULL),
(14, NULL, 'shivam', 'shivam121@gmail.com', NULL, '$2y$10$o9Rf6O7eeFSNsqxcuQWARe1eruc36BhpANR0HnzJi.ONNO8j74LAK', NULL, 0, '1', 'LRV52EbY5AjWmdxGgFNisls6dqoQO0ndsCgKv1sjiJPWgta1kJ', NULL, NULL, NULL, NULL, NULL, NULL, NULL, NULL, NULL, NULL, '1234567899', 'APPLE', 0, '2023-03-27 12:36:40', NULL, NULL),
(15, NULL, 'Shubham Khare', 'khareshub298@gmail.com', NULL, '$2y$10$lQFdTJSW6HaIQlgkYat5NOP97TigW59iXuD/D.VKBm61tB6W/QiIS', NULL, 0, '1', 'DR8ceM5qADSax7SAph2LHm2skov2j0m2oMKgWUrBPLX94gTvr7', '175', '56', 'Male', 'Mesomorph', 'https://securityoncalls.com/projects/brad/public/uploads/frontshot/1680024983.jpg', 'https://securityoncalls.com/projects/brad/public/uploads/backshot/1680024983.jpg', NULL, NULL, NULL, NULL, '001706.a933f7244b3b4d519055ac129055a3cd.1459', 'APPLE', 0, '2023-03-27 15:38:38', '2023-03-28 17:36:23', NULL),
(16, NULL, 'BHAVESH JAIN', 'bhaveshjain501@gmail.com', NULL, '$;qNMb8ix-.S', NULL, 1, '1', 'yPv9q2Aa5BNA7816h187munTGnIERzSEtLdLYPsKP6xYTAcxwu', '5.6', '7.8', 'Male', 'Endomorph', 'https://securityoncalls.com/projects/brad/public/uploads/frontshot/1679985314.jpg', 'https://securityoncalls.com/projects/brad/public/uploads/backshot/1679985314.jpg', NULL, NULL, NULL, '6073', '101683832993046115765', 'GOOGLE', 0, '2023-03-28 05:59:16', '2024-03-01 08:15:01', NULL),
(17, NULL, 'ap_user', NULL, NULL, '$2y$10$QkJhpgr11VtfYBhF1.5PX.FY0YIaKkV2SjaUFU6HOhfIhMY5VNKxi', NULL, 1, '1', 'Wk798Pmabsjtvdh5QuFU3fDz1kMWhWERdSaBIJ9ObTetZhqavJ', '5.6', '67', 'Female', 'Ectomorph', 'https://securityoncalls.com/projects/brad/public/uploads/frontshot/1679992388.jpg', 'https://securityoncalls.com/projects/brad/public/uploads/backshot/1679992388.jpg', NULL, NULL, NULL, '2946', '000078.840662f7349947d094d02f998e21dae9.1338', 'APPLE', 0, '2023-03-28 06:44:44', '2024-03-13 09:05:39', NULL),
(18, NULL, 'bhavesh jai', 'rahul12@gmail.com', '12345467848', '$2y$10$DAJTueor.yoI6LHRJwUh3OdN0.kMswF4IJij6Hecj8rXqCvTNbkgm', '2023-03-29', 1, '1', 'WfOo6FJakMs6h641X6aO72XvYiMZNy03s9oZX0yzIzZpCICHZl', '289', '70', 'Male', 'Mesomorph', 'https://securityoncalls.com/projects/brad/public/uploads/frontshot/1680094199.jpg', 'https://securityoncalls.com/projects/brad/public/uploads/backshot/1680094199.jpg', NULL, NULL, NULL, NULL, NULL, NULL, 0, '2023-03-29 08:37:19', '2023-03-29 12:49:59', NULL),
(19, NULL, 'Apple John', 'jm8stjw9y9@privaterelay.appleid.com', NULL, '$2y$10$tmbhb5RC5UZ2FEZz8gDHKecT11V0/XowgxVR/YvWSaXSFAqxFJwSe', NULL, 0, '1', 'WQC8sxRjASia080hooOQYroi1weXu3ADjGqMntLrHsqmBqN3aP', NULL, NULL, NULL, NULL, NULL, NULL, NULL, NULL, NULL, NULL, '000730.007a3c9cc48542a2b13ebf504e5e7440.0749', 'APPLE', 0, '2023-03-31 07:49:37', NULL, NULL),
(20, NULL, 'Gurman deep', 'gurman.quantumitinnovation@gmail.com', NULL, 'M%V1W=jGh9H(', NULL, 0, '1', 'wEdVC6UkVSuf3qoXzMRqFWKBxs9JtK667MlMehum4oRUL1eMzy', NULL, NULL, NULL, NULL, NULL, NULL, NULL, NULL, NULL, NULL, '109379453895366374965', 'GOOGLE', 0, '2023-04-02 20:19:26', NULL, NULL),
(21, NULL, 'shivam', 'shivamc.2002@gmail.com', '08080808', '$2y$10$ePYv0lr4U7w.q.pR3g1GFuJ61dMPaK1aQuz217Jb0aNDJmM.E.v0u', '2018-04-04', 0, '1', 'CiTOLebFrlJhhJfrIlzv9MvSTGtChj44FDkCy6jTn12atTCaQV', '10', '20', 'Male', 'Mesomorph', 'https://securityoncalls.com/projects/brad/public/uploads/frontshot/1693283298.jpg', 'https://securityoncalls.com/projects/brad/public/uploads/backshot/1693283298.jpg', NULL, NULL, NULL, NULL, NULL, NULL, 0, '2023-04-04 09:52:10', '2023-08-29 04:28:18', NULL),
(22, NULL, 'shivam', 'shivamc.12002@gmail.com', '085121354643', '$2y$10$NfDYku/QrGgm1lEb2vYGvONpMZYE9xW1gsk8GRLTtiR92ipK2ZOFS', '2002-03-12', 0, '1', 'KNU5tzVPeaKviH2DIl1uXuE8KcrIcheWsGabKrPkfoYrqRMgB3', NULL, NULL, NULL, NULL, NULL, NULL, NULL, NULL, NULL, NULL, NULL, NULL, 0, '2023-04-04 11:46:53', NULL, NULL),
(23, NULL, 'Brad zoltz', 'bczoltz@gmail.com', '8015290636', '$2y$10$HzSq73JUvontGoWaLIHm8OF/sAq54c17aqk8p7m3j7/psFCNu8Ysm', '1987-08-18', 1, '1', 'p1q4BQNnFGj8sF9PcSfP3Seyh144ATAQKvIusnwFmpFCA7DmcP', '5', '7', 'Male', 'Endomorph', 'https://securityoncalls.com/projects/brad/public/uploads/frontshot/1709047710.jpg', 'https://securityoncalls.com/projects/brad/public/uploads/backshot/1709047710.jpg', 'https://securityoncalls.com/projects/brad/public/uploads/cover_pic/1710252534.jpg', 'https://securityoncalls.com/projects/brad/public/uploads/frontshot/1710252331.jpg', NULL, NULL, NULL, NULL, 1, '2023-04-11 08:58:40', '2024-03-20 19:00:53', 'dCkWf4UHC0qpmaweLYDs9N:APA91bErL_Ju9IHb3VgtvjPya5cF0EBkf31Rgvz5nnQAIAL8K8XcUEZuaLXm_W1fTitPpk7yszCuNRSCU_gATPUG4i4rPbPn2r7YuFKgM7Tz3cq_uFb7XZi0JAwmzGzlY9FC19lsrGkj'),
(24, NULL, 'yogesh jain', 'yogesh@gmail.com', '9595694028', '$2y$10$wJlFN2yCD9xZ2hw90VNd8OvxZkk.8bKnwQDkwkBD4Y/zx.1D6zIMm', '2023-04-13', 1, '1', 'WAMtWpE4P90l4Xn2SwmR66ej5ksz1GXgzEucurcY1zNsn6DJLX', NULL, NULL, NULL, NULL, NULL, NULL, NULL, NULL, NULL, NULL, NULL, NULL, 0, '2023-04-13 10:22:55', '2023-04-13 10:29:46', NULL),
(25, NULL, 'Carlos Carvalho', 'carvalhocarlos501@gmail.com', NULL, 'N?MK@q(E&p8L', NULL, 0, '1', 'EcK0Kl7vcoNJadrlaDLmCXk9ZkJrM6TdtouZb3cD3Y0H8jtyvC', NULL, NULL, NULL, NULL, NULL, NULL, NULL, NULL, NULL, NULL, '112434586396273746973', 'GOOGLE', 0, '2023-04-25 12:27:05', NULL, NULL),
(26, NULL, 'bhavesh rajendra', 'rajendra@gmail.com', '9922729940', '$2y$10$NxG7pD4jMgdFz.4f6lbPnOBrXhRrEx9voLlebCfv9LmhfHNp5aMWy', '2023-04-27', 1, '1', '7IFkgyh8mbF5BgM26ktOurAGL9kCBh8cP1pSCnOyEm1trIlabD', NULL, NULL, NULL, NULL, NULL, NULL, NULL, NULL, NULL, NULL, NULL, NULL, 0, '2023-04-27 13:03:11', '2023-04-27 13:26:48', NULL),
(27, NULL, 'Bhavesh jain', 'bhavesh@gmail.com', '9823840813', '$2y$10$3XvVfORktX7w8AyOPJeUDOjASa0vhbPO9SMThqph0HAWF.Y1OwLrm', '1996-08-26', 0, '1', 'IbKT0he1EjmJqqhh1SiQprDpOL7S0fGA9MWf8PmT8DYpZch28X', NULL, NULL, NULL, NULL, NULL, NULL, NULL, NULL, NULL, NULL, NULL, NULL, 0, '2023-04-27 13:24:22', NULL, NULL),
(28, NULL, 'bhuwan pant', 'bhuwan.pant@acem.edu.in', NULL, 'y;:aNC2kwJSu', NULL, 1, '1', 'ly852I8VSPKzwvjESmMTBa4eGp4GhBZeMr7Ybrli530NPWW7Ve', NULL, NULL, NULL, NULL, NULL, NULL, NULL, NULL, NULL, NULL, '111847329068095689842', 'GOOGLE', 0, '2023-05-18 16:22:54', '2023-05-18 16:23:15', NULL),
(29, NULL, 'ku', 'ku@gmail.com', '9543124585', '$2y$10$qXbPIWi5BP4Fd3OmwKZ4XOZ60L5p7fyMmE4Sf6fto7lVpHQdsDY6O', '2023-05-18', 1, '1', 'ahAO9BoE9c9ZQkACMJQrrt2WSBLd3ynSNCcdrUHXvXOLVtumRj', NULL, NULL, NULL, NULL, NULL, NULL, NULL, NULL, NULL, NULL, NULL, NULL, 0, '2023-05-18 16:23:31', '2023-05-18 16:23:46', NULL),
(31, NULL, 'ashutosh chauhan', 'ashutosh.chauhan@acem.edu.in', NULL, 'NF*Idavy_TH1', NULL, 1, '1', 'NGsIjCfccfkyQmqy3aK18DhSCDIqmM7psF4ZGQgdzoS9nmY7oE', '120', '128', 'Other', 'Ectomorph', 'https://securityoncalls.com/projects/brad/public/uploads/frontshot/1684427612.jpg', 'https://securityoncalls.com/projects/brad/public/uploads/backshot/1684427612.jpg', NULL, NULL, NULL, NULL, '100545687125990935059', 'GOOGLE', 0, '2023-05-18 16:31:56', '2023-05-18 16:33:32', NULL),
(32, NULL, 'Allison Watson', 'allisonswatson@gmail.com', '8015204678', '$2y$10$QSQm7f6LYLbb52zBKkmD.euQ0PPh.Na.0OV37PRUcyfbJaBzKyI16', '1978-06-06', 0, '1', 'mTRauk6wHd27aBf8hRyXmoZY5x1bDPKejMaJLdl6KhYuJ8eKDd', NULL, NULL, NULL, NULL, NULL, NULL, NULL, NULL, NULL, NULL, NULL, NULL, 0, '2023-06-06 22:46:57', NULL, NULL),
(33, NULL, 'prince', 'pp55@gmail.com', '8799321010', '$2y$10$CY/5mAkAVEasVnVUJPO5ruUN/sA0xH1R67OKXMiHHRUaRcgrxk.La', '2003-12-08', 0, '1', 'TK7BocPsCP3MV93YjFHR4oNqrxOpUPvkJegQXjMQN0R4u7LbTL', NULL, NULL, NULL, NULL, NULL, NULL, NULL, NULL, NULL, NULL, NULL, NULL, 0, '2023-06-12 12:05:11', NULL, NULL),
(34, NULL, 'Jeremy hughes', 'jhughes@thsutah.com', '8015608999', '$2y$10$r4uSDPiKdJiKNVelaafY1.dMqOHrAw/ddq5QxvqzoXVwllOMpDGla', '1980-05-14', 1, '1', '5HZ430HEp6NZEpCqUgZIpmzvRIdiiJ8PJwM20xzFZlaHOnvfYp', NULL, NULL, NULL, NULL, NULL, NULL, NULL, NULL, NULL, '7008', NULL, NULL, 0, '2023-06-13 12:37:16', '2023-07-16 16:25:26', NULL),
(35, NULL, 'Taimane Zoltz', 'taimanekuehl@gmail.com', '8016609602', '$2y$10$RKoy1jttonC6INNaaI41jeUs4C6s2S6oII9sg.QkuFSnTIQcrvJd.', '1989-08-31', 1, '1', 'sJh4UPSbEu8lRaE1GgntZQDSqcI4KLAR00Cb79KJwc2OsVUDUD', NULL, NULL, NULL, NULL, NULL, NULL, NULL, NULL, NULL, NULL, NULL, NULL, 0, '2023-06-13 14:25:44', '2023-06-16 09:54:01', NULL),
(36, NULL, 'Amanda Taylor', 'Amandataylor3030@yahoo.com', '3856303651', '$2y$10$lUdn9n5EK2HJbg3SxUcj6e3.CdEJ9ur.r1lpdrcWNifyw3jVGMD2u', '1989-12-29', 1, '1', '36NMSvRnzJzcncd8JrgmNS7eDEGcVVD4q2bFtDqRmPmVEM6dQ9', NULL, NULL, NULL, NULL, NULL, NULL, NULL, NULL, NULL, NULL, NULL, NULL, 0, '2023-06-13 15:02:43', '2023-06-16 09:54:33', NULL),
(37, NULL, 'Lance', 'oneform@gmail.com', '8017216248', '$2y$10$o7Tj7Pi8mefqsHQdnqdnkOhYy4ej7IfLbfDCz0AdXUPt/fZepbZn6', '1985-10-11', 0, '1', 'RT4aAei9GNjPwdPQxEiqbWALS7ZLJIWH1Oyslm0zJAMKR4n8I4', NULL, NULL, NULL, NULL, NULL, NULL, NULL, NULL, NULL, NULL, NULL, NULL, 0, '2023-06-13 17:30:08', NULL, NULL),
(38, NULL, 'Holly Beck', 'hollybeck60@gmail.com', '801731973', '$2y$10$Kyw7T5MGEXFwBMMDu3rGtepCZYBE0X23077XgdbSLDpZYvZr24WpK', '1960-09-04', 1, '1', 'hdBYfvKRJGoXGwfEWYKXB1epKq7zKg3o6vcQUyVd3EB1ExCb2V', NULL, NULL, NULL, NULL, NULL, NULL, NULL, NULL, NULL, NULL, NULL, NULL, 0, '2023-06-15 19:40:24', '2023-06-16 09:55:52', NULL),
(39, NULL, 'Abhilash', 'abhilash062@gmail.com', '7842198543', '$2y$10$xjvBI/qTK1wQhyTihzvfOu.27VtiR1QqmS6a2Ud1ek2H4bFxdrCvC', '1992-07-12', 0, '1', 'YqXRdgB2Ow7TAyeylxsA0uLieV8dcS2qdidN9meH76e22QVqc0', NULL, NULL, NULL, NULL, NULL, NULL, NULL, NULL, NULL, NULL, NULL, NULL, 0, '2023-07-06 15:24:35', NULL, NULL),
(40, NULL, 'Noor Mohammad Ansari', 'noormohammadansari0@gmail.com', '8840284933', '$2y$10$RjYS9npQYM9hfdFZj55WVOvdienFhKHTZmMXDjCkjzH6Zv.LMAIfm', '1997-07-17', 0, '1', 'iPnbZSsFfET7TByBVIU7XVlcXYrhDRWZk3e4dlNDrCHa31mpgV', NULL, NULL, NULL, NULL, NULL, NULL, NULL, NULL, NULL, NULL, NULL, NULL, 0, '2023-07-12 18:04:55', NULL, NULL),
(41, NULL, 'John Ronney', 'qwe.gpt22023@gmail.com', NULL, '9qGIBmVbo=sU', NULL, 0, '1', 'f1RkYiZNSHGgqcCs8IlGPFXKGixtZ7lcj3rZmUdIN4YUjMxHtC', NULL, NULL, NULL, NULL, NULL, NULL, NULL, NULL, NULL, NULL, '104647504611617850137', 'GOOGLE', 0, '2023-08-08 11:36:40', NULL, NULL),
(42, NULL, 'shivam', 'sham@gmail.com', '4818578157', '$2y$10$XAubie6JuSEWcofkstw3ZO7h//3bnfKMXM2XnxZ44SB3AonyUUl1.', '2023-08-18', 0, '1', 'W8KNQnB2KDSX8UAbeT0MGIZNOj6neRFnVSEt8WMC3i8Zy6Ahf9', '11', '111', 'Male', 'Mesomorph', 'https://securityoncalls.com/projects/brad/public/uploads/frontshot/1692351083.jpg', 'https://securityoncalls.com/projects/brad/public/uploads/backshot/1692351083.jpg', 'https://securityoncalls.com/projects/brad/public/uploads/cover_pic/1692351240.jpg', 'https://securityoncalls.com/projects/brad/public/uploads/frontshot/1692351309.jpg', NULL, NULL, NULL, NULL, 0, '2023-08-18 09:04:13', '2023-08-18 09:35:09', NULL),
(43, NULL, 'Test User', 'testusermail@test.com', '6666666666', '$2y$10$I/zNaM4zi1xAXU6HYf6aIOAWATvJF5XAN6s8FG1046RwZLo2asARq', '2000-08-21', 0, '1', 'RXXsfXEBIoHmAl5gxStzgCJxO0BArwnRbFm4BOBttySLTCTtTR', NULL, NULL, NULL, NULL, NULL, NULL, NULL, NULL, NULL, NULL, NULL, NULL, 0, '2023-08-21 05:46:13', NULL, NULL),
(44, NULL, 'Bhavesh jain', 'bhavesh532@gmail.com', '8888885555', '$2y$10$CCxXCPM/SIe0tmQzguUT8.d.L3eMU8C2r.t..APeSUZ3gW8zNeu82', '2004-08-21', 0, '1', 'z4pxhCvnQMZBBFxz7lClctURZor6SBfUCpzZXSmvkPRoJMVah5', '45', '56', 'Male', 'Mesomorph', 'https://securityoncalls.com/projects/brad/public/uploads/frontshot/1692609860.jpg', 'https://securityoncalls.com/projects/brad/public/uploads/backshot/1692609860.jpg', 'https://securityoncalls.com/projects/brad/public/uploads/cover_pic/1692609982.jpg', NULL, NULL, NULL, NULL, NULL, 0, '2023-08-21 09:12:37', '2023-08-21 09:26:22', NULL),
(45, NULL, 'khushi jain', 'khushi1@gmail.com', '777755511', '$2y$10$EPfznQXWA0hqRnNpotikY..K4YFMgVjJ07WXjP5AA4NkKDkm8yqWC', '2009-08-21', 0, '1', 'oolLLs0wNPR1ezIdveCgOwz3qBldAFNmaaMJjF1RYU6KydAPyB', NULL, NULL, NULL, NULL, NULL, NULL, NULL, NULL, NULL, NULL, NULL, NULL, 0, '2023-08-21 09:33:07', NULL, NULL),
(46, NULL, 'Saurabh Kumbhar 158', 'yimileh233@dusyum.com', '7020156439', '$2y$10$vUuUSHJ5waNljDKVSGbZtuS5vpO5uQjIllDWyoeXyA7xQPs1m3Nsa', '1994-08-21', 1, '1', 'aAccnbmLu7ZC56KtxQMYoltmirdrbXZwQ8r8UPQqyDB7UzV3hP', '6', '80', 'Male', 'Mesomorph', 'http://securityoncalls.com/projects/brad/public/uploads/frontshot/1692699503.jpg', 'http://securityoncalls.com/projects/brad/public/uploads/backshot/1692699503.jpg', 'http://securityoncalls.com/projects/brad/public/uploads/cover_pic/1692699827.jpg', 'http://securityoncalls.com/projects/brad/public/uploads/frontshot/1692700101.jpg', NULL, NULL, NULL, NULL, 0, '2023-08-21 09:33:11', '2023-08-22 10:28:21', NULL),
(47, NULL, 'bhavesh jain', 'bhavesh12345@gmail.com', '8585869361', '$2y$10$.PdSQai.43OC3YO75c6m0.kVeSxtonQVxZFD16fSTZOuo2dNARaOW', '2008-08-21', 0, '1', 'P1v0JY1YlcHROw6fX1ZgYOYSRUTkFT4fA9SE0vO7RfcyrRCnqz', NULL, NULL, NULL, NULL, NULL, NULL, NULL, NULL, NULL, NULL, NULL, NULL, 0, '2023-08-21 09:36:31', NULL, NULL),
(48, NULL, 'Saurabh Kumbhar', 'saurabhkumbhar187@gmail.com', '7769889016', '$2y$10$T6gde6vzJOnUxqu/P8Q8FOm1WU3aGsBVhIjw58yO2EAacBRHYXhZC', '1996-08-22', 1, '1', 'BJUNdpaZeq0n4IvpThAoN8TeSwFPbn283S8qMh97tQ66BMlrnl', '6', '80', 'Male', 'Mesomorph', 'http://securityoncalls.com/projects/brad/public/uploads/frontshot/1692700982.jpg', 'http://securityoncalls.com/projects/brad/public/uploads/backshot/1692700982.jpg', 'https://securityoncalls.com/projects/brad/public/uploads/cover_pic/1706588665.jpg', 'http://securityoncalls.com/projects/brad/public/uploads/frontshot/1692775140.jpg', NULL, '2506', NULL, NULL, 1, '2023-08-22 10:33:31', '2024-04-17 14:06:32', 'e3o0BfIBH0ZHiNcnjf6G7c:APA91bGlgMkdS_gQbazHNlvrrRTU6jlJklterXA4ilm2V82TpWill3yjy1nbaxCCKjOoewDj4xGRfXbWLIYcmC2jep53FfAUi1ib_E8n5S9cjH2XdvzJA4j9P8pJ-PzpPkqFvAjExSts'),
(49, NULL, 'Xlydy', 'laweki7286@jontra.com', '7769889046', '$2y$10$8sQzZ76Pko7txfeK4r3Ggu4j.XJxo2riGefa8m37tfoA8nau4Sg1y', '2023-08-22', 1, '1', 'Bo27uLDDlAlCB1TAq5RxOIq2TAUQPH7VeGyQ2BQECnWqfDPvdU', '6', '70', 'Male', 'Mesomorph', 'http://securityoncalls.com/projects/brad/public/uploads/frontshot/1692767555.jpg', 'http://securityoncalls.com/projects/brad/public/uploads/backshot/1692767555.jpg', NULL, NULL, NULL, NULL, NULL, NULL, 0, '2023-08-22 14:10:31', '2023-08-23 05:12:35', NULL),
(50, NULL, 'swaraj', 'swaraj@gmail.com', '7475747575', '$2y$10$etWwzmKEiBfzRILLyFIAeO/E4wGwG7R6LC1XajQeuIkiqW52uuJC.', '1992-08-22', 0, '1', 'HISU7xqlqneUSXgfhoK60ajIHIB7pOUPRaHSre2nL4861PWLY8', NULL, NULL, NULL, NULL, NULL, NULL, NULL, NULL, NULL, NULL, NULL, NULL, 0, '2023-08-22 14:30:48', NULL, NULL),
(51, NULL, 'Saurabh Kumbhar', 'howisa5277@cwtaa.com', '5698668786', '$2y$10$y68YI3aCLGu4FPtgHoXQwOoo3K39Up7.gKtngSjvSMaJm96eLCxoa', '2015-08-23', 1, '1', 'rK1sJNID30dld2puPCuBFuDKBGKD8DkPyeZgEZRdshvf53mClj', '8', '68', 'Male', 'Mesomorph', 'http://securityoncalls.com/projects/brad/public/uploads/frontshot/1692768720.jpg', 'http://securityoncalls.com/projects/brad/public/uploads/backshot/1692768720.jpg', NULL, 'http://securityoncalls.com/projects/brad/public/uploads/frontshot/1692768993.jpg', NULL, NULL, NULL, NULL, 0, '2023-08-23 05:18:55', '2023-08-23 05:36:33', NULL),
(52, NULL, 'Saurabh Kumbhar', 'rexejoh175@jontra.com', '8793060710', '$2y$10$Z2zQFhzkm.pdmdw/5CyyUuM3TTWHUeePV05GrOE/BSKqvgxpORFcq', '2023-08-23', 1, '1', 'JoBp9FZvFmt6HgLIr3frVwzY6Pab9k51R7nvAwk1bESAl2zmRU', '186', '70', 'Male', 'Mesomorph', 'http://securityoncalls.com/projects/brad/public/uploads/frontshot/1692772660.jpg', 'http://securityoncalls.com/projects/brad/public/uploads/backshot/1692772660.jpg', NULL, NULL, NULL, NULL, NULL, NULL, 0, '2023-08-23 06:22:41', '2023-08-23 06:37:40', NULL),
(53, NULL, 'gurman deep', 'gurma381@gmail.com', '9878125064', '$2y$10$ecufP7aQrrRdA.vmWxORkeoixksTUDDfT4bhDxabCCtEGHLvR60NK', '2001-07-30', 1, '1', 'mRFTqXGl7T9S5Ey89M1UArAkFnNZyt2kQvbVcNLAq6gERErrrx', '67', '167', 'Male', 'Mesomorph', 'http://securityoncalls.com/projects/brad/public/uploads/frontshot/1692775010.jpg', 'http://securityoncalls.com/projects/brad/public/uploads/backshot/1692775011.jpg', NULL, NULL, NULL, NULL, NULL, NULL, 0, '2023-08-23 07:13:40', '2023-08-23 07:16:51', NULL),
(54, NULL, 'vowej77927@jontra.com', 'vowej77927@jontra.com', '6504992804', '$2y$10$rE3bVZQxN.xAtOYwgvilfOkk4xeuXWXe9xJcdCzaq2B4f9s8aXC0C', '2024-01-11', 1, '1', 'TPegHkN5UXSsmrl2FKIC8fYMYYQyeAuzsXuP7NpnylV29H7PmV', '5', '57', 'Male', 'Mesomorph', 'http://securityoncalls.com/projects/brad/public/uploads/frontshot/1692789114.jpg', 'http://securityoncalls.com/projects/brad/public/uploads/backshot/1692789114.jpg', 'http://securityoncalls.com/projects/brad/public/uploads/cover_pic/1692789493.jpg', 'http://securityoncalls.com/projects/brad/public/uploads/frontshot/1703071960.jpg', NULL, NULL, NULL, NULL, 1, '2023-08-23 11:07:49', '2024-04-17 09:53:09', NULL),
(55, NULL, 'Jsjs', 'noweja1076@stypedia.com', '6464949926', '$2y$10$mkSsg2V.8Xd0aStoaiPEouh9wD0bhRdkfm90NzId.rDHfRiYa1UWK', '2023-08-29', 1, '1', 'md5pqyAbQD126CDr6SdRFmQAKVMgjpcJTjBEdYL1QyLKybyP5m', '48', '46', 'Male', 'Mesomorph', 'http://securityoncalls.com/projects/brad/public/uploads/frontshot/1693306062.jpg', 'http://securityoncalls.com/projects/brad/public/uploads/backshot/1693306062.jpg', NULL, 'http://securityoncalls.com/projects/brad/public/uploads/frontshot/1693306163.jpg', NULL, NULL, NULL, NULL, 1, '2023-08-29 10:44:28', '2023-08-29 10:49:23', NULL),
(56, NULL, 'Sry', 'padaye7524@stypedia.com', '7865569846', '$2y$10$1BCMvJ0KOCv0gXQukcQxr.aA/B3fvXS2Zql8TqVlqGwywCLLP/qb6', '2023-08-29', 1, '1', 'oxSWrqM4C3coS76XyyLIKnyT7uM6MUVQunJ5zworIogWfp0gwx', '60', '39', 'Male', 'Mesomorph', 'http://securityoncalls.com/projects/brad/public/uploads/frontshot/1693312034.jpg', 'http://securityoncalls.com/projects/brad/public/uploads/backshot/1693312034.jpg', 'http://securityoncalls.com/projects/brad/public/uploads/cover_pic/1705995387.jpg', 'http://securityoncalls.com/projects/brad/public/uploads/frontshot/1703661796.png', NULL, NULL, NULL, NULL, 1, '2023-08-29 12:13:04', '2024-01-23 07:36:27', NULL),
(57, NULL, 'sh', 's@gmail.com', '0852963784', '$2y$10$vCETaCJkzux.N4iinOfpeOsHJMxDeiSAiH4XPPDIyU1ef4WAVeiFq', '2023-08-31', 0, '1', 'BgyA0vWPNTRNl7zvm7MuIyNJOqiq4W49Kk1wMeUKCpgFc4hz3R', '10', '10', 'Male', 'Mesomorph', 'https://securityoncalls.com/projects/brad/public/uploads/frontshot/1693487613.jpg', 'https://securityoncalls.com/projects/brad/public/uploads/backshot/1693487613.jpg', NULL, NULL, NULL, NULL, NULL, NULL, 1, '2023-08-31 13:04:19', '2023-08-31 13:13:33', NULL),
(58, NULL, 'sh', 'sh@gmail.com', '0897643125', '$2y$10$hCfHzsiG6AytR/aathAWbO6psPrWH40alHrC0wFVGHRlrTYYzd8qG', '2023-08-31', 0, '1', 'g6rWWBxkmvgXuOLQDrGIUoQS5fkS6DoiAndRHMLxHibaMW3siw', NULL, NULL, NULL, NULL, NULL, NULL, NULL, NULL, NULL, NULL, NULL, NULL, 0, '2023-08-31 13:10:27', NULL, NULL),
(59, NULL, 'shi', 'shi@gmail.com', '0877445511', '$2y$10$5aUx9aAM.OwQUEa8P1VtlumP.mWnY5Vd84B9org7Gnj2Z8EDVinTy', '2023-08-31', 0, '1', 'gMvs1xTJHOXz1MdIfwsE9Bqr3EntEoR1guO62HqLsgDW2N9oYT', NULL, NULL, NULL, NULL, NULL, NULL, NULL, NULL, NULL, NULL, NULL, NULL, 0, '2023-08-31 13:12:06', NULL, NULL),
(60, NULL, 'bhavesh jain', 'bhavesh112@gmail.com', '085296374', '$2y$10$1s.YkQ1lBkosG/9H/CC7uOFj51l4DAqtUZr6/8RqsEKKZjs6XIA8a', '2023-09-01', 0, '1', 'UJ8OCMFHAPYRCDoSOhGXOp6t5Z60TV7k7SCqZqHCS7uJPcyJtk', '56', '56', 'Male', 'Ectomorph', 'https://securityoncalls.com/projects/brad/public/uploads/frontshot/1693549214.jpg', 'https://securityoncalls.com/projects/brad/public/uploads/backshot/1693549214.jpg', 'https://securityoncalls.com/projects/brad/public/uploads/cover_pic/1703244634.jpg', 'https://securityoncalls.com/projects/brad/public/uploads/frontshot/1703244703.jpg', NULL, NULL, NULL, NULL, 1, '2023-09-01 06:14:12', '2023-12-22 11:31:43', NULL),
(61, NULL, 'Nicholas Hedgpeth', 'x54fmzd9pt@privaterelay.appleid.com', NULL, '$2y$10$CTw2Ph1Vwjk976uIpdalEuu9IVCXJIV9qcbSSISqTNcQiJW9V9lDa', NULL, 0, '1', 'Y3XWsDp5A4IzZSCgaq8GZRpzq9whwYYZAEr9dWIdo6cFeRH6o7', NULL, NULL, NULL, NULL, NULL, NULL, NULL, NULL, NULL, NULL, '000690.6d94e5efc322441a980ad58cf84d66d3.1254', 'APPLE', 0, '2023-09-05 12:55:00', NULL, NULL),
(62, NULL, 'Luther Walker', 'qycxf4wxf5@privaterelay.appleid.com', NULL, '$2y$10$e1xqC/S5Jo1CTMPKvHUe0uCHEHdYS9Nsz4JY8MEZSeBmLhRq437l2', NULL, 0, '1', 'a84zyxQoqvlLJKlGOnamoJOM2i4UMUNIOrMvsHIFEieCzWHCas', NULL, NULL, NULL, NULL, NULL, NULL, NULL, NULL, NULL, NULL, '001581.f3ca848b1c184977bb1ce132ab40f058.0632', 'APPLE', 0, '2023-09-17 06:32:27', NULL, NULL),
(63, NULL, 'Harry Smith', 'tq5xd7628p@privaterelay.appleid.com', NULL, '$2y$10$TPAhpD8.zf.VD5CdEdWc9us0Xp5O1kzh2NwiiGoTY0EP.GL0fp3dm', NULL, 0, '1', 'U0RT5eQfF3caLDCNTdUKxuOUECuOq20cP572vl5l04cWzKvsun', NULL, NULL, NULL, NULL, NULL, NULL, NULL, NULL, NULL, NULL, '000279.ce35db980d424b3d9d24c69db7b715ce.0747', 'APPLE', 0, '2023-09-27 07:47:31', NULL, NULL),
(64, NULL, 'asdsad', 'asd@mail.com', '2232323443', '$2y$10$ah3mEb9nvakoi6rJrq2tT.JuNcR07MdN9NtVuTUdMrXvpKTRtDsWe', '2023-12-18', 0, '1', 'UrNpuUCuRFLS1CE4wUCEI9uOQorPbKuBwotIaJFlw91v91T5C9', NULL, NULL, NULL, NULL, NULL, NULL, NULL, NULL, NULL, NULL, NULL, NULL, 0, '2023-12-18 09:51:42', NULL, NULL),
(65, NULL, 'Sahil', 'sahil.alwar.sk@ajhdhs.com', '2342342342', '$2y$10$ABxK/gCzVWoZYcmj49ZoLO9QVEzm/G.p95.uMZ.bsvSWtBPwCCqVu', '2023-12-18', 0, '1', 'aL1nJQnZoIL4uukDmhnp2K3xewm1eq5TQl1v3zDr5BmkhvBFEU', NULL, NULL, NULL, NULL, NULL, NULL, NULL, NULL, NULL, NULL, NULL, NULL, 0, '2023-12-18 10:03:05', NULL, NULL),
(66, NULL, 'Kartik Test', 'kartik.quantumitinnovation@gmail.com', '9667282071', '$2y$10$rbGzmZTLWZOaqhuvILRIVOdfym4CWIVxAXgJAffIBIK.IlUKMOy9.', '2000-11-14', 1, '1', 'WoNxMSa3LflL1VdlVA8cMsWlXPuQ65wWHo9CsgQu9rvj7YP6Vb', '5.6', '130', 'Male', 'Ectomorph', 'http://securityoncalls.com/projects/brad/public/uploads/frontshot/1703072188.jpg', 'http://securityoncalls.com/projects/brad/public/uploads/backshot/1703072188.jpg', NULL, NULL, NULL, NULL, NULL, NULL, 0, '2023-12-20 11:17:36', '2023-12-20 11:36:28', NULL),
(67, NULL, 'hshs', 'sahil.alwar.sk@gmail.com', '8507893333', '$2y$10$Du8oD591cZPODDPu..X/cOn7uAg/19w0o.W6VQ2gX7QEcLaIZ3lqq', '2023-12-11', 0, '1', 'FqEkJxygJfDhRwSRwPZZ60ZlXpON4WGpGB3m1HyDNraeKJQzXF', NULL, NULL, NULL, NULL, NULL, NULL, NULL, NULL, NULL, NULL, NULL, NULL, 0, '2023-12-20 11:25:19', NULL, NULL),
(68, NULL, 'Kartik Test 2', 'bokino6867@apdiv.com', '9818192213', '$2y$10$eW.AAq7dNxYswueikd..e.X7iVTpvfoWji3cUVQddybbgxj/VPMo2', '2000-11-14', 1, '1', 'lfyHlnczTBhSUPPY98NctoszJy9Z8w343pT4C31RrjxlT4lZVz', '6', '130', 'Male', 'Ectomorph', 'http://securityoncalls.com/projects/brad/public/uploads/frontshot/1703072724.jpg', 'http://securityoncalls.com/projects/brad/public/uploads/backshot/1703072724.jpg', 'http://securityoncalls.com/projects/brad/public/uploads/cover_pic/1703246739.jpg', 'http://securityoncalls.com/projects/brad/public/uploads/frontshot/1703073534.jpg', NULL, NULL, NULL, NULL, 1, '2023-12-20 11:40:38', '2023-12-22 12:05:39', NULL),
(69, NULL, 'dhiraj chordia', 'dhiraj@gmail.com', '6267039747', '$2y$10$znMuaIfkaxEyEyEbkbGo8ueoi/tt8sC/btN9TJF91DbhtO26c8ama', '1996-12-21', 1, '1', 'HcA7HfNBB4xmj23JYQRmi4M2dt7XUXD3e5wvzkqhxLENcYZ6uc', '56', '56', 'Male', 'Ectomorph', 'https://securityoncalls.com/projects/brad/public/uploads/frontshot/1703154365.jpg', 'https://securityoncalls.com/projects/brad/public/uploads/backshot/1703154365.jpg', 'https://securityoncalls.com/projects/brad/public/uploads/cover_pic/1703246298.jpg', 'https://securityoncalls.com/projects/brad/public/uploads/frontshot/1703244494.jpg', NULL, NULL, NULL, NULL, 1, '2023-12-21 08:06:56', '2023-12-22 11:58:18', NULL),
(70, NULL, 'Harshit Sinha', 'harshitsinha03418@gmail.com', '7651904549', '$2y$10$TzLhpzDjlSPumy0iI/VxZOsSRiy6S4W4mmlEj2wuozJUHgkxZqXqa', '2002-03-15', 1, '1', 'r6aSVjBjMs9BwsJJJ5qDU3tePRP5FFQMr7y4piz0IdMUP95JRl', '170', '60', 'Male', 'Mesomorph', 'https://securityoncalls.com/projects/brad/public/uploads/frontshot/1703663216.jpg', 'https://securityoncalls.com/projects/brad/public/uploads/backshot/1703663216.jpg', 'https://securityoncalls.com/projects/brad/public/uploads/cover_pic/1710871734.jpg', 'https://securityoncalls.com/projects/brad/public/uploads/frontshot/1710872944.jpg', NULL, NULL, NULL, NULL, 1, '2023-12-26 04:08:27', '2024-04-17 14:07:08', 'e3o0BfIBH0ZHiNcnjf6G7c:APA91bGlgMkdS_gQbazHNlvrrRTU6jlJklterXA4ilm2V82TpWill3yjy1nbaxCCKjOoewDj4xGRfXbWLIYcmC2jep53FfAUi1ib_E8n5S9cjH2XdvzJA4j9P8pJ-PzpPkqFvAjExSts'),
(71, NULL, 'Noor Mohammad Ansari', 'nmd17071997@gmail.com', NULL, 'MGtNBf^HbdsC', NULL, 0, '1', 'Xp8xKCSRUPakaG2V4CVKFwBbhIxjnSLndKQYbd3Fv62zrW43so', NULL, NULL, NULL, NULL, NULL, NULL, NULL, NULL, NULL, NULL, '108105605391922214119', 'GOOGLE', 0, '2023-12-30 15:48:27', NULL, NULL),
(72, NULL, 'nayan jain', 'nayanjain@gmail.com', '7249628131', '$2y$10$bFhrtHLHeNWFz55Sl/koReIT998sGyEP7mYlDPyW4BZIpawUCNjXS', '1996-01-03', 1, '1', 'bfOuqDEUhZJ7ClFsRhD8hUbrU0LBvLCZhtcAao3MIGNyPlpBzx', '56', '77', 'Male', 'Ectomorph', 'https://securityoncalls.com/projects/brad/public/uploads/frontshot/1704723470.jpg', 'https://securityoncalls.com/projects/brad/public/uploads/backshot/1704723470.jpg', 'https://securityoncalls.com/projects/brad/public/uploads/cover_pic/1706016652.jpg', 'https://securityoncalls.com/projects/brad/public/uploads/frontshot/1705906893.jpg', NULL, NULL, NULL, NULL, 1, '2024-01-03 12:37:49', '2024-01-23 13:30:52', NULL),
(73, NULL, 'Sahil Khan', 'sahilquantumit@gmail.com', NULL, 'vhZw)c*YD+IH', NULL, 0, '1', 'bMVcmQXfG7w5O066YQkNRvsaiB9tEgeVWphvEKQ3ChVEvFOxEs', NULL, NULL, NULL, NULL, NULL, NULL, NULL, NULL, NULL, NULL, '110877654539985243006', 'GOOGLE', 0, '2024-01-08 13:20:47', NULL, NULL),
(74, NULL, 'so', 'testing@gmail.com', '7769889011', '$2y$10$cBrXCAUIreGZnMxB0.nhuejam7JPqqXQ74rcejT.Eky/ZGH9ycHxG', '2017-01-30', 0, '1', 'no0KDNgjco4w9zEzSXeIcc5HqYC1Q3y19Kcb6s9IjMle77ZyTl', NULL, NULL, NULL, NULL, NULL, NULL, NULL, NULL, NULL, NULL, NULL, NULL, 0, '2024-01-30 04:23:15', NULL, NULL),
(75, NULL, 'Saurabh Kumbhar', 'jeyiyo5306@molyg.com', '7769882323', '$2y$10$i8eeAH6nhJQsZeLUpkzFsuhPxhld65uwWHuGb3j0X4lneef05w8Fu', '2024-01-10', 1, '1', 'KzG1O3zYNt1mBzhiQPnCSYFXjVjnk2TmDAjk1ezezJCFpcTki3', '5.6', '45', 'Male', 'Ectomorph', 'https://securityoncalls.com/projects/brad/public/uploads/frontshot/1708411596.jpg', 'https://securityoncalls.com/projects/brad/public/uploads/backshot/1708411596.jpg', 'https://securityoncalls.com/projects/brad/public/uploads/cover_pic/1708411642.jpg', NULL, NULL, NULL, NULL, NULL, 1, '2024-02-20 06:33:20', '2024-03-19 16:18:05', 'cGUS2o7sRzKCao0ZE4a1ra:APA91bHI1AjQUaC63zoCE1wIjDWTXFPoRFGRA7nab24PmRzjwCXd1z-2LhrSkRvQFsb2HyRakGpJwBFRxKoardKSZ9xCrdSQuAr1LBMKRgA0pEuDofvXRd0TUTqPAZmHTN8k2Jf9EKK8'),
(76, NULL, 'Harshit sinha', 'harshitsinha1@gmail.com', '7651904545', '$2y$10$TRpJyijnzf.wx1rEjFDJ4.Eh4XWyYaNzbBrBpwheZkCjS33msVe.G', '2002-03-15', 1, '1', 'qLjqX1GYHF1MR0AmIDJigpYEnm4gvnUe5uBnhnXLhZR5bGDHcB', '5.3', '61', 'Male', 'Mesomorph', 'https://securityoncalls.com/projects/brad/public/uploads/frontshot/1708413700.jpg', 'https://securityoncalls.com/projects/brad/public/uploads/backshot/1708413700.jpg', NULL, NULL, NULL, NULL, NULL, NULL, 1, '2024-02-20 06:55:12', '2024-02-20 07:21:40', NULL),
(77, NULL, 'harshit', 'harshitsinha2@gmail.com', '8808871081', '$2y$10$PMGMPKTH5QzlY7sxfJ9B0e5unh187jxfR3YhFuF7jDBGIoflpVAwa', '2000-03-20', 1, '1', 'NwVnYi3PljYWqc1Kk25lTxsyPzxXdAGZDnywemWUC0tDy7BMi5', '5.3', '60', 'Male', 'Ectomorph', 'https://securityoncalls.com/projects/brad/public/uploads/frontshot/1708421273.jpg', 'https://securityoncalls.com/projects/brad/public/uploads/backshot/1708421273.jpg', 'https://securityoncalls.com/projects/brad/public/uploads/cover_pic/1709317771.jpg', 'https://securityoncalls.com/projects/brad/public/uploads/frontshot/1709280224.jpg', NULL, NULL, NULL, NULL, 1, '2024-02-20 07:49:31', '2024-03-01 18:29:31', NULL),
(78, NULL, 'Testing', 'sidotow261@minhlun.com', '7769884628', '$2y$10$bY8/.in9CG82hh5JujxEeeE5x0QoDQcDQ5BtHaFOWzHznM/2/D7J2', '2024-02-12', 0, '1', '0W8kM4lRfLvYD5AxaxQNeG7EQZrWYbXtLLApBUxf1O7ZwkfMe7', NULL, NULL, NULL, NULL, NULL, NULL, NULL, NULL, NULL, NULL, NULL, NULL, 0, '2024-02-20 10:08:31', NULL, NULL),
(79, NULL, 'Testing', 'yararo8531@molyg.com', '7769884627', '$2y$10$ayCoYv2fzCaMrgleUFkSeOyCIziR8aTay6FNcbY8yEu/0Fee9sl8e', '2024-02-12', 1, '1', 'QAoqwji14JULaoP4u8naIklGs1acmtew71fP00jK0HYf49rfgg', '6', '180', 'Male', 'Mesomorph', 'http://securityoncalls.com/projects/brad/public/uploads/frontshot/1708427606.jpg', 'http://securityoncalls.com/projects/brad/public/uploads/backshot/1708427606.jpg', 'http://securityoncalls.com/projects/brad/public/uploads/cover_pic/1708515863.jpg', 'http://securityoncalls.com/projects/brad/public/uploads/frontshot/1708428404.jpg', NULL, NULL, NULL, NULL, 1, '2024-02-20 10:09:34', '2024-02-21 11:44:23', NULL),
(80, NULL, 'bhavesh jain', 'bhaveshquantum1@gmail.com', '7620444123', '$2y$10$9Q81w0F4k1OHvEKlEsq0OOURp56br0gFXDC0Q7m3rVKyfNalol0DG', '2001-02-20', 0, '1', 'bNk9yQFR8QmLhAcwI21SNgYJxz0Ashl0d8xshqFKHmj8Zs9o2Y', NULL, NULL, NULL, NULL, NULL, NULL, NULL, NULL, NULL, NULL, NULL, NULL, 0, '2024-02-20 16:10:39', NULL, NULL),
(81, NULL, 'testing', 'test23@gmail.com', '7630121321', '$2y$10$UIDY8Fjsg4jKY6kj3LxfQee88OB2LkNINeOQYpar2QalR1O4qM38e', '1996-02-21', 1, '1', '1rgKjjnIiwzguyiUtaEcDd1SPEYYRxqVdnR1hChWvaJ2uIJzeq', '6.8', '59', 'Male', 'Ectomorph', 'http://securityoncalls.com/projects/brad/public/uploads/frontshot/1709281054.jpg', 'http://securityoncalls.com/projects/brad/public/uploads/backshot/1709281054.jpg', 'https://securityoncalls.com/projects/brad/public/uploads/cover_pic/1710921629.jpg', 'https://securityoncalls.com/projects/brad/public/uploads/frontshot/1710921423.jpg', NULL, NULL, NULL, NULL, 1, '2024-02-21 11:45:14', '2024-04-17 06:35:24', 'dV6gGIdzOU32hFPMncqCEd:APA91bHFwh4wZ7WQ1wXgLguXGtrtjXOKVgXtay2vaMKULOb8rWj2ycAyFQsxvipCREu8Syf2BXwqDfXoWSvDBC4aDrUcW9LZkVNSKqd3AUBVhF4ySkWNfFUEkHR13aWAvLYpNSP1sgGU'),
(82, NULL, 'harshit', 'harshitsinha3@gmail.com', '1234567899', '$2y$10$I9PRurMlTHNTzqYTFRh1JeSTkg5a2/w2vE4SUddWKqse/s1f3xAuq', '1998-01-23', 0, '1', 'ZVM7mbObazb7XXIhgIqSLSadPr7E4EaOYb3eudAPkhJsM5ygRq', NULL, NULL, NULL, NULL, NULL, NULL, NULL, NULL, NULL, NULL, NULL, NULL, 0, '2024-02-21 14:12:48', NULL, NULL),
(83, NULL, 'Nuage Laboratoire', 'QUQGVQXRDQFY7QMJNSIN25XT4M-01@cloudtestlabaccounts.com', NULL, 'XKohva3HMuR2', NULL, 0, '1', 't0JXuAj8hiRFDEDdd75eQtlgSwGJV0vL15dfeOJm6HOEJBYPIQ', NULL, NULL, NULL, NULL, NULL, NULL, NULL, NULL, NULL, NULL, '101711021753097192292', 'GOOGLE', 0, '2024-02-21 22:10:58', '2024-03-13 11:45:17', NULL),
(84, NULL, 'Testing', 'risikap114@sfpixel.com', '7769882317', '$2y$10$SGAqKqD1IkT/bnjZLRYdfulD4JbkhrGNvPKoU/7ykjeAwV8CHif82', '2024-02-07', 1, '1', 'KPlx3k1rVNKUXxbTAUFK0EoUcVDRZM6l1oPEkaiifjWAE1Z7fg', '6', '180', 'Male', 'Ectomorph', 'http://securityoncalls.com/projects/brad/public/uploads/frontshot/1709286292.jpg', 'http://securityoncalls.com/projects/brad/public/uploads/backshot/1709286292.jpg', NULL, 'http://securityoncalls.com/projects/brad/public/uploads/frontshot/1709286604.jpg', NULL, NULL, NULL, NULL, 1, '2024-03-01 09:39:13', '2024-03-01 09:50:04', NULL),
(85, NULL, 'SaurabhIOS', 'saurabh187.quantumitinnovation@gmail.com', '7769889013', '$2y$10$AmThGbqSEpSNedE4yQsAC.G/TsMEVwmgFsPhVsQlI2s5rZwtBv5W2', '1998-07-27', 1, '0', 'fkeZf29EIPCNF1hzyZ6JWNUlbpI7jkdc1Ig8urSetH4djFpEdZ', '60', '100', 'Male', 'Ectomorph', 'https://securityoncalls.com/projects/brad/public/uploads/frontshot/1710311070.jpg', 'https://securityoncalls.com/projects/brad/public/uploads/backshot/1710311070.jpg', 'http://securityoncalls.com/projects/brad/public/uploads/cover_pic/1710312489.png', 'http://securityoncalls.com/projects/brad/public/uploads/frontshot/1710313529.jpg', NULL, '1547', NULL, NULL, 1, '2024-03-13 04:36:51', '2024-03-13 10:24:06', NULL),
(86, NULL, 'Sahil Pc', 'sahilpc.alwar@gmail.com', NULL, '8hIYb,V^tLgn', NULL, 1, '1', 'EgxspalY6PNMwpk3ge0gE3n4CM5rCT0vHagXACI1rym32Z8Dpp', NULL, NULL, NULL, NULL, NULL, NULL, NULL, NULL, NULL, NULL, '100412628770939458136', 'GOOGLE', 0, '2024-03-13 04:52:58', '2024-03-13 11:54:37', NULL),
(87, NULL, 'SInha Harshit', 'harshitquantumitinnovation0@gmail.com', '8808808888', '$2y$10$7bV7PsVOPKRv6ignqQl9c.GdrJNel/BIwF32wFcCw.drIGJP.jVaC', '1996-03-13', 1, '1', 'DQeQlj1ect5pHmSyKJNgaQLXaRzgGt7sSCo6Imkjnrmy6hEJyR', '4', '40', 'Male', 'Mesomorph', 'https://securityoncalls.com/projects/brad/public/uploads/frontshot/1710332963.jpg', 'https://securityoncalls.com/projects/brad/public/uploads/backshot/1710332963.jpg', NULL, NULL, NULL, NULL, NULL, NULL, 1, '2024-03-13 10:50:19', '2024-03-13 12:29:23', NULL),
(88, NULL, 'avishek', 'avishek@gmail.com', '7620441111', '$2y$10$s5ZoMK8LI2eS03PP5jml4ufWV/tzqGIKrpZoBYm8EQs4Ejll.4Mry', '2006-03-13', 1, '1', 'dfKJ4EowJVchnn40bGwcxjWmsLZRVjaPjvjYkeJaQWRmGMSUHt', '5.6', '80', 'Male', 'Ectomorph', 'https://securityoncalls.com/projects/brad/public/uploads/frontshot/1710332418.jpg', 'https://securityoncalls.com/projects/brad/public/uploads/backshot/1710332418.jpg', NULL, 'https://securityoncalls.com/projects/brad/public/uploads/frontshot/1710400836.jpg', NULL, NULL, NULL, NULL, 1, '2024-03-13 12:14:45', '2024-03-19 05:10:43', 'fKqQ-3ttTfWE_T4xqyn99y:APA91bHOEYazo5H4KwBiHUS4bcQNHX7otFxji7ybSnaK_Eud3Q9I2uh5gkvoPBDo3i7CPf3V8yz3WBxNF_AfmW_6R7TC8sHOY-uAEk2nT7A2jgcsgDrHKMd1clgeZhx8orCukRMikuug'),
(89, NULL, 'TESTING', 'donewa9272@mnsaf.com', '7769889043', '$2y$10$YGHYIP2boKOx7GDat19tQO2x/Q2E04NXCW/mrNvQj8KmVw3yfrUSO', '2024-03-06', 1, '1', 'pbTdUmm3HyN3U4QltUhmmMOk7IdgZvH4jgwZQGTYYdS9Ttp8IK', '16', '466', 'Male', 'Ectomorph', 'http://securityoncalls.com/projects/brad/public/uploads/frontshot/1711086660.jpg', 'http://securityoncalls.com/projects/brad/public/uploads/backshot/1711086660.jpg', NULL, NULL, NULL, NULL, NULL, NULL, 0, '2024-03-22 05:49:36', '2024-03-22 06:01:28', 'cGUS2o7sRzKCao0ZE4a1ra:APA91bHI1AjQUaC63zoCE1wIjDWTXFPoRFGRA7nab24PmRzjwCXd1z-2LhrSkRvQFsb2HyRakGpJwBFRxKoardKSZ9xCrdSQuAr1LBMKRgA0pEuDofvXRd0TUTqPAZmHTN8k2Jf9EKK8'),
(90, NULL, 'saif khan testing', 'saif.quantum@gmail.com', '9810930443', '$2y$10$8ap1YX7yWbCPN84YZWhfBu9eCSj7OXlWABEzrNoUkYJnmOWBns9QO', '1992-12-14', 1, '1', 'qWZ3vQb5nwvaSx0btC5n0BL0GOlGmECN3kB0ZAHLeUFWFifzps', '65', '25', 'Male', 'Endomorph', 'http://securityoncalls.com/projects/brad/public/uploads/frontshot/1711612273.jpg', 'http://securityoncalls.com/projects/brad/public/uploads/backshot/1711612273.jpg', NULL, NULL, NULL, NULL, NULL, NULL, 1, '2024-03-28 07:42:09', '2024-04-03 05:22:49', 'dMNMQPs_Q6mIm7XcgVUE_-:APA91bGYMzyHNFrjirvm1hz0dPs7ORF1TKj40hrbfX60Ds3wC6g-xqmYpID5J-ZGWv0aSn4az3pF9Urb3knzU7DXzPOL5C0tKpTTlt0fmGWul4i87xdFRYtSTPi_kjxdlHDA0efn7vC2'),
(91, NULL, 'Palanki Nagendra Bharat Kumar', 'pnbharat.kumar@gmail.com', NULL, 'feD%uKwSy@U4', NULL, 0, '1', '2DdIaMxnl6YP3JGywR78ntvMbhNT1caLtucmMW3HcRUxSC1aMU', NULL, NULL, NULL, NULL, NULL, NULL, NULL, NULL, NULL, NULL, '106029674293334753808', 'GOOGLE', 0, '2024-04-17 11:06:31', NULL, NULL);

-- --------------------------------------------------------

--
-- Table structure for table `transactions`
--

CREATE TABLE `transactions` (
  `id` int(11) NOT NULL,
  `userId` varchar(200) NOT NULL,
  `planId` varchar(100) NOT NULL,
  `transactionId` varchar(500) NOT NULL,
  `cardUsed` varchar(100) DEFAULT NULL,
  `charge` varchar(100) DEFAULT NULL,
  `status` varchar(100) DEFAULT NULL,
  `description` varchar(200) DEFAULT NULL,
  `created_at` timestamp NOT NULL DEFAULT current_timestamp(),
  `updated_at` timestamp NULL DEFAULT NULL ON UPDATE current_timestamp()
) ENGINE=InnoDB DEFAULT CHARSET=latin1 COLLATE=latin1_swedish_ci;

--
-- Dumping data for table `transactions`
--

INSERT INTO `transactions` (`id`, `userId`, `planId`, `transactionId`, `cardUsed`, `charge`, `status`, `description`, `created_at`, `updated_at`) VALUES
(1, '1', '1', 'ILgQKCiWgNnkFZYXWK', '3', '1', 'requires_payment_method', 'kinjal bought 4 Months Coaching Plan', '2023-06-16 22:42:36', '2023-06-16 10:12:52');

-- --------------------------------------------------------

--
-- Table structure for table `users`
--

CREATE TABLE `users` (
  `id` int(11) NOT NULL,
  `name` varchar(200) NOT NULL,
  `email` varchar(200) NOT NULL,
  `password` varchar(200) NOT NULL,
  `role_id` int(50) NOT NULL,
  `remember_token` varchar(200) NOT NULL,
  `email_verified_at` varchar(200) NOT NULL,
  `created_at` datetime NOT NULL DEFAULT current_timestamp(),
  `updated_at` datetime NOT NULL DEFAULT current_timestamp()
) ENGINE=InnoDB DEFAULT CHARSET=utf8mb4 COLLATE=utf8mb4_general_ci;

--
-- Dumping data for table `users`
--

INSERT INTO `users` (`id`, `name`, `email`, `password`, `role_id`, `remember_token`, `email_verified_at`, `created_at`, `updated_at`) VALUES
(1, 'admin', 'admin@gmail.com', '$2y$10$pupWAXOxsbgWXXKaVZD01.guFaME9w3fBnMYe72e71E1C/gOtTaJm', 1, '', '', '2021-08-26 18:11:31', '2021-08-26 18:11:31');

-- --------------------------------------------------------

--
-- Table structure for table `videos`
--

CREATE TABLE `videos` (
  `id` int(11) NOT NULL,
  `title` varchar(200) DEFAULT NULL,
  `image` varchar(200) DEFAULT NULL,
  `description` varchar(200) DEFAULT NULL,
  `status` varchar(200) DEFAULT NULL,
  `video_link` varchar(200) DEFAULT NULL,
  `created_at` timestamp NOT NULL DEFAULT current_timestamp(),
  `updated_at` timestamp NULL DEFAULT NULL ON UPDATE current_timestamp()
) ENGINE=InnoDB DEFAULT CHARSET=utf8mb4 COLLATE=utf8mb4_general_ci;

--
-- Dumping data for table `videos`
--

INSERT INTO `videos` (`id`, `title`, `image`, `description`, `status`, `video_link`, `created_at`, `updated_at`) VALUES
(10, 'Home workout', 'https://securityoncalls.com/projects/brad/public/uploads/professional/1676786381.jpg', 'Workout', '0', 'https://youtu.be/LhL5SNZfnQs', '2023-02-19 18:29:41', '2023-02-19 18:29:41'),
(11, 'Workout', 'https://securityoncalls.com/projects/brad/public/uploads/professional/1679042841.jpg', 'Workout', '0', 'https://www.youtube.com/watch?v=FS8G--sfa1s', '2023-03-17 21:17:21', '2023-03-17 21:17:21');

-- --------------------------------------------------------

--
-- Table structure for table `weekly_checks`
--

CREATE TABLE `weekly_checks` (
  `id` int(11) NOT NULL,
  `user_id` varchar(200) DEFAULT NULL,
  `front_shot` varchar(200) DEFAULT NULL,
  `back_shot` varchar(200) DEFAULT NULL,
  `weight` varchar(200) DEFAULT NULL,
  `comments` varchar(200) DEFAULT NULL,
  `question` varchar(200) DEFAULT NULL,
  `created_at` timestamp NOT NULL DEFAULT current_timestamp(),
  `updated_at` timestamp NULL DEFAULT NULL ON UPDATE current_timestamp()
) ENGINE=InnoDB DEFAULT CHARSET=latin1 COLLATE=latin1_swedish_ci;

--
-- Dumping data for table `weekly_checks`
--

INSERT INTO `weekly_checks` (`id`, `user_id`, `front_shot`, `back_shot`, `weight`, `comments`, `question`, `created_at`, `updated_at`) VALUES
(1, '1', 'https://securityoncalls.com/projects/brad/public/uploads/frontshot/1680078220.jpg', 'https://securityoncalls.com/projects/brad/public/uploads/backshot/1680078220.jpg', '51', 'I\'m feeling good', 'Nothing', '2023-03-17 07:28:44', '2023-03-29 08:23:40'),
(2, '2', 'https://securityoncalls.com/projects/brad/public/uploads/frontshot/1679039871.jpg', 'https://securityoncalls.com/projects/brad/public/uploads/backshot/1679039871.jpg', '72', 'No comments', 'No question', '2023-03-17 07:57:51', '2023-03-17 08:17:29'),
(3, '2', 'https://securityoncalls.com/projects/brad/public/uploads/frontshot/1680076895.jpg', 'https://securityoncalls.com/projects/brad/public/uploads/backshot/1680074533.png', '60', 'Testing', 'Testing', '2023-03-29 07:22:13', '2023-03-29 08:01:35'),
(4, '2', 'https://securityoncalls.com/projects/brad/public/uploads/frontshot/1681381276.jpg', 'https://securityoncalls.com/projects/brad/public/uploads/backshot/1681381276.jpg', '70', 'No comments', 'No question', '2023-04-13 10:21:16', NULL),
(5, '2', 'https://securityoncalls.com/projects/brad/public/uploads/frontshot/1686668384.jpg', 'https://securityoncalls.com/projects/brad/public/uploads/backshot/1686668384.jpg', '90', 'no comments', 'add a new meal plan', '2023-06-13 14:59:44', NULL),
(6, '46', 'http://securityoncalls.com/projects/brad/public/uploads/frontshot/1692700101.jpg', 'http://securityoncalls.com/projects/brad/public/uploads/backshot/1692700101.jpg', '80', 'Test', 'Test', '2023-08-22 10:28:21', NULL),
(7, '51', 'http://securityoncalls.com/projects/brad/public/uploads/frontshot/1692768993.jpg', 'http://securityoncalls.com/projects/brad/public/uploads/backshot/1692768993.jpg', '50', NULL, NULL, '2023-08-23 05:36:33', NULL),
(8, '48', 'http://securityoncalls.com/projects/brad/public/uploads/frontshot/1692775140.jpg', 'http://securityoncalls.com/projects/brad/public/uploads/backshot/1692775140.jpg', '60', NULL, NULL, '2023-08-23 07:19:00', NULL),
(9, '54', 'http://securityoncalls.com/projects/brad/public/uploads/frontshot/1692789277.jpg', 'http://securityoncalls.com/projects/brad/public/uploads/backshot/1692789277.jpg', '60', NULL, NULL, '2023-08-23 11:14:37', NULL),
(10, '55', 'http://securityoncalls.com/projects/brad/public/uploads/frontshot/1693306163.jpg', 'http://securityoncalls.com/projects/brad/public/uploads/backshot/1693306163.jpg', '80', 'No', 'No', '2023-08-29 10:49:23', NULL),
(11, '56', 'http://securityoncalls.com/projects/brad/public/uploads/frontshot/1693312110.jpg', 'http://securityoncalls.com/projects/brad/public/uploads/backshot/1693312110.jpg', '70', 'No', 'No', '2023-08-29 12:28:30', NULL),
(12, '54', 'http://securityoncalls.com/projects/brad/public/uploads/frontshot/1703071960.jpg', 'http://securityoncalls.com/projects/brad/public/uploads/backshot/1703071960.png', '61', 'hshsh', 'yeyeye', '2023-12-20 11:32:40', NULL),
(13, '68', 'http://securityoncalls.com/projects/brad/public/uploads/frontshot/1703073282.jpg', 'http://securityoncalls.com/projects/brad/public/uploads/backshot/1703073282.jpg', '150', 'Test', 'None', '2023-12-20 11:54:42', NULL),
(14, '69', 'https://securityoncalls.com/projects/brad/public/uploads/frontshot/1703244443.jpg', 'https://securityoncalls.com/projects/brad/public/uploads/backshot/1703244443.jpg', '45', 'no', 'no', '2023-12-22 11:27:23', NULL),
(15, '60', 'https://securityoncalls.com/projects/brad/public/uploads/frontshot/1703244703.jpg', 'https://securityoncalls.com/projects/brad/public/uploads/backshot/1703244703.jpg', '58', 'no', 'no', '2023-12-22 11:31:43', NULL),
(16, '56', 'http://securityoncalls.com/projects/brad/public/uploads/frontshot/1703661796.png', 'http://securityoncalls.com/projects/brad/public/uploads/backshot/1703661796.jpg', '90', 'Testing', 'No', '2023-12-27 07:23:16', NULL),
(17, '70', 'https://securityoncalls.com/projects/brad/public/uploads/frontshot/1703663286.jpg', 'https://securityoncalls.com/projects/brad/public/uploads/backshot/1703663286.jpg', '60', 'TEst', 'NO', '2023-12-27 07:48:06', NULL),
(18, '72', 'https://securityoncalls.com/projects/brad/public/uploads/frontshot/1705906821.jpg', 'https://securityoncalls.com/projects/brad/public/uploads/backshot/1705906821.jpg', '62', 'no comments', 'yes  i have', '2024-01-22 07:00:21', NULL),
(19, '79', 'http://securityoncalls.com/projects/brad/public/uploads/frontshot/1708428404.jpg', 'http://securityoncalls.com/projects/brad/public/uploads/backshot/1708428404.jpg', '60', 'Tesr', 'Tesr', '2024-02-20 11:26:44', NULL),
(20, '77', 'https://securityoncalls.com/projects/brad/public/uploads/frontshot/1708516880.jpg', 'https://securityoncalls.com/projects/brad/public/uploads/backshot/1708516880.jpg', '67', 'No', 'No', '2024-02-21 12:01:20', NULL),
(21, '2', 'https://securityoncalls.com/projects/brad/public/uploads/frontshot/1708606680.jpg', 'https://securityoncalls.com/projects/brad/public/uploads/backshot/1708606680.jpg', '72', 'no', 'yes', '2024-02-22 12:58:00', NULL),
(22, '2', 'https://securityoncalls.com/projects/brad/public/uploads/frontshot/1709183252.jpg', 'https://securityoncalls.com/projects/brad/public/uploads/backshot/1709183252.jpg', '56', 'no comment', 'no quest', '2024-02-29 05:07:32', NULL),
(23, '77', 'https://securityoncalls.com/projects/brad/public/uploads/frontshot/1709280224.jpg', 'https://securityoncalls.com/projects/brad/public/uploads/backshot/1709280224.jpg', '30', 'No', 'No', '2024-03-01 08:03:44', NULL),
(24, '81', 'http://securityoncalls.com/projects/brad/public/uploads/frontshot/1709281273.jpg', 'http://securityoncalls.com/projects/brad/public/uploads/backshot/1709281273.jpg', '58', 'no', 'no', '2024-03-01 08:21:13', NULL),
(25, '84', 'http://securityoncalls.com/projects/brad/public/uploads/frontshot/1709286604.jpg', 'http://securityoncalls.com/projects/brad/public/uploads/backshot/1709286604.png', '60', 'Yp', 'Up', '2024-03-01 09:50:04', NULL),
(26, '23', 'https://securityoncalls.com/projects/brad/public/uploads/frontshot/1710252331.jpg', 'https://securityoncalls.com/projects/brad/public/uploads/backshot/1710252331.jpg', '200', 'Bcc', 'Nabxb', '2024-03-12 14:05:31', NULL),
(27, '2', 'https://securityoncalls.com/projects/brad/public/uploads/frontshot/1710256729.jpg', 'https://securityoncalls.com/projects/brad/public/uploads/backshot/1710256729.jpg', '100', 'Not', 'No', '2024-03-12 15:18:49', NULL),
(28, '85', 'https://securityoncalls.com/projects/brad/public/uploads/frontshot/1710312356.jpg', 'https://securityoncalls.com/projects/brad/public/uploads/backshot/1710312356.jpg', '70', 'Test', 'test', '2024-03-13 06:45:56', NULL),
(29, '88', 'https://securityoncalls.com/projects/brad/public/uploads/frontshot/1710400836.jpg', 'https://securityoncalls.com/projects/brad/public/uploads/backshot/1710400836.jpg', '67', 'yes', 'no', '2024-03-14 07:20:36', NULL),
(30, '81', 'https://securityoncalls.com/projects/brad/public/uploads/frontshot/1710921423.jpg', 'https://securityoncalls.com/projects/brad/public/uploads/backshot/1710921423.jpg', '68', 'no', 'weight', '2024-03-20 07:57:03', NULL);

-- --------------------------------------------------------

--
-- Table structure for table `workout`
--

CREATE TABLE `workout` (
  `id` int(11) NOT NULL,
  `user_id` varchar(200) DEFAULT NULL,
  `category` varchar(200) DEFAULT NULL,
  `exercise` varchar(200) DEFAULT NULL,
  `sets` varchar(200) DEFAULT NULL,
  `reps` varchar(200) DEFAULT NULL,
  `created_at` timestamp NOT NULL DEFAULT current_timestamp(),
  `updated_at` timestamp NULL DEFAULT NULL ON UPDATE current_timestamp()
) ENGINE=InnoDB DEFAULT CHARSET=latin1 COLLATE=latin1_swedish_ci;

--
-- Dumping data for table `workout`
--

INSERT INTO `workout` (`id`, `user_id`, `category`, `exercise`, `sets`, `reps`, `created_at`, `updated_at`) VALUES
(1, '1', 'biceps/triceps', 'DB Hammer Curls', '5', '4', '2023-03-17 07:33:25', NULL),
(3, '2', 'shoulders', 'Cable Curts', '5', '2', '2023-03-17 07:45:23', NULL),
(4, '2', 'back', 'Plank', '3', '4', '2023-03-17 07:45:41', NULL),
(5, '2', 'chest/calves/abs', 'triceps', '1', '9', '2023-03-17 07:46:08', NULL),
(6, '2', 'legs', 'Mission', '12', '5', '2023-03-17 07:47:02', NULL),
(7, '56', 'biceps/triceps', 'Alternating Dumbbell Floor Press', '2', '2', '2023-12-28 04:49:50', NULL),
(8, '70', 'biceps/triceps', 'Pushup', '10', '10', '2023-12-28 04:51:27', NULL),
(9, '70', 'shoulders', 'Cable Curts', '2', '2', '2023-12-28 04:52:26', NULL),
(10, '70', 'back', 'Plank', '2', '10', '2023-12-28 04:53:31', NULL),
(11, '72', 'biceps/triceps', 'Pushup', '20', '20', '2024-01-22 06:47:34', NULL),
(12, '72', 'shoulders', 'Cable Curts', '10', '8', '2024-01-22 06:50:07', NULL),
(13, '72', 'back', 'Glute bridge', '30', '35', '2024-01-22 06:51:20', NULL),
(14, '72', 'back', 'Stretching exercises', '40', '35', '2024-01-22 06:51:59', NULL),
(15, '72', 'chest/calves/abs', 'triceps', '50', '45', '2024-01-22 06:52:24', NULL),
(16, '72', 'legs', 'Mission', '50', '25', '2024-01-22 06:52:44', NULL),
(17, '85', 'biceps/triceps', 'Pushup', '2', '2', '2024-03-13 06:33:53', NULL),
(19, '85', 'back', 'Glute bridge', '2', '2', '2024-03-13 06:34:26', NULL),
(20, '85', 'legs', 'Mission', '2', '2', '2024-03-13 06:34:36', NULL);

--
-- Indexes for dumped tables
--

--
-- Indexes for table `admin_notifications`
--
ALTER TABLE `admin_notifications`
  ADD PRIMARY KEY (`id`);

--
-- Indexes for table `chats`
--
ALTER TABLE `chats`
  ADD PRIMARY KEY (`id`);

--
-- Indexes for table `coaches`
--
ALTER TABLE `coaches`
  ADD PRIMARY KEY (`id`);

--
-- Indexes for table `cron_users`
--
ALTER TABLE `cron_users`
  ADD PRIMARY KEY (`id`);

--
-- Indexes for table `employs`
--
ALTER TABLE `employs`
  ADD PRIMARY KEY (`id`);

--
-- Indexes for table `exercise`
--
ALTER TABLE `exercise`
  ADD PRIMARY KEY (`id`);

--
-- Indexes for table `exercise_category`
--
ALTER TABLE `exercise_category`
  ADD PRIMARY KEY (`id`);

--
-- Indexes for table `failed_jobs`
--
ALTER TABLE `failed_jobs`
  ADD PRIMARY KEY (`id`),
  ADD UNIQUE KEY `failed_jobs_uuid_unique` (`uuid`);

--
-- Indexes for table `honey_option`
--
ALTER TABLE `honey_option`
  ADD PRIMARY KEY (`id`);

--
-- Indexes for table `meal_plan`
--
ALTER TABLE `meal_plan`
  ADD PRIMARY KEY (`id`);

--
-- Indexes for table `meal_plan_answer_one`
--
ALTER TABLE `meal_plan_answer_one`
  ADD PRIMARY KEY (`id`);

--
-- Indexes for table `meal_plan_question_one`
--
ALTER TABLE `meal_plan_question_one`
  ADD PRIMARY KEY (`id`);

--
-- Indexes for table `meal_request`
--
ALTER TABLE `meal_request`
  ADD PRIMARY KEY (`id`);

--
-- Indexes for table `migrations`
--
ALTER TABLE `migrations`
  ADD PRIMARY KEY (`id`);

--
-- Indexes for table `monthly_checks`
--
ALTER TABLE `monthly_checks`
  ADD PRIMARY KEY (`id`);

--
-- Indexes for table `notifications`
--
ALTER TABLE `notifications`
  ADD PRIMARY KEY (`id`),
  ADD KEY `notifications_notifiable_type_notifiable_id_index` (`notifiable_type`,`notifiable_id`);

--
-- Indexes for table `options`
--
ALTER TABLE `options`
  ADD PRIMARY KEY (`id`);

--
-- Indexes for table `password_resets`
--
ALTER TABLE `password_resets`
  ADD KEY `password_resets_email_index` (`email`);

--
-- Indexes for table `personal_access_tokens`
--
ALTER TABLE `personal_access_tokens`
  ADD PRIMARY KEY (`id`),
  ADD UNIQUE KEY `personal_access_tokens_token_unique` (`token`),
  ADD KEY `personal_access_tokens_tokenable_type_tokenable_id_index` (`tokenable_type`,`tokenable_id`);

--
-- Indexes for table `plans`
--
ALTER TABLE `plans`
  ADD PRIMARY KEY (`id`);

--
-- Indexes for table `plan_history`
--
ALTER TABLE `plan_history`
  ADD PRIMARY KEY (`id`);

--
-- Indexes for table `plan_styles`
--
ALTER TABLE `plan_styles`
  ADD PRIMARY KEY (`id`);

--
-- Indexes for table `professionals`
--
ALTER TABLE `professionals`
  ADD PRIMARY KEY (`id`);

--
-- Indexes for table `proff_images`
--
ALTER TABLE `proff_images`
  ADD PRIMARY KEY (`id`);

--
-- Indexes for table `questions`
--
ALTER TABLE `questions`
  ADD PRIMARY KEY (`id`);

--
-- Indexes for table `question_solution`
--
ALTER TABLE `question_solution`
  ADD PRIMARY KEY (`id`);

--
-- Indexes for table `saved_card`
--
ALTER TABLE `saved_card`
  ADD PRIMARY KEY (`id`);

--
-- Indexes for table `schools`
--
ALTER TABLE `schools`
  ADD PRIMARY KEY (`id`);

--
-- Indexes for table `skills`
--
ALTER TABLE `skills`
  ADD PRIMARY KEY (`id`);

--
-- Indexes for table `tbl_users`
--
ALTER TABLE `tbl_users`
  ADD PRIMARY KEY (`id`),
  ADD KEY `tbl_users_coach_id_foreign` (`coach_id`);

--
-- Indexes for table `transactions`
--
ALTER TABLE `transactions`
  ADD PRIMARY KEY (`id`),
  ADD UNIQUE KEY `transactionIdIndex` (`transactionId`);

--
-- Indexes for table `users`
--
ALTER TABLE `users`
  ADD PRIMARY KEY (`id`);

--
-- Indexes for table `videos`
--
ALTER TABLE `videos`
  ADD PRIMARY KEY (`id`);

--
-- Indexes for table `weekly_checks`
--
ALTER TABLE `weekly_checks`
  ADD PRIMARY KEY (`id`);

--
-- Indexes for table `workout`
--
ALTER TABLE `workout`
  ADD PRIMARY KEY (`id`);

--
-- AUTO_INCREMENT for dumped tables
--

--
-- AUTO_INCREMENT for table `admin_notifications`
--
ALTER TABLE `admin_notifications`
  MODIFY `id` int(11) NOT NULL AUTO_INCREMENT, AUTO_INCREMENT=98;

--
-- AUTO_INCREMENT for table `chats`
--
ALTER TABLE `chats`
  MODIFY `id` int(11) NOT NULL AUTO_INCREMENT, AUTO_INCREMENT=288;

--
-- AUTO_INCREMENT for table `coaches`
--
ALTER TABLE `coaches`
  MODIFY `id` bigint(20) UNSIGNED NOT NULL AUTO_INCREMENT, AUTO_INCREMENT=10;

--
-- AUTO_INCREMENT for table `cron_users`
--
ALTER TABLE `cron_users`
  MODIFY `id` int(11) NOT NULL AUTO_INCREMENT, AUTO_INCREMENT=11;

--
-- AUTO_INCREMENT for table `employs`
--
ALTER TABLE `employs`
  MODIFY `id` int(11) NOT NULL AUTO_INCREMENT, AUTO_INCREMENT=2;

--
-- AUTO_INCREMENT for table `exercise`
--
ALTER TABLE `exercise`
  MODIFY `id` int(11) NOT NULL AUTO_INCREMENT, AUTO_INCREMENT=33;

--
-- AUTO_INCREMENT for table `exercise_category`
--
ALTER TABLE `exercise_category`
  MODIFY `id` int(11) NOT NULL AUTO_INCREMENT, AUTO_INCREMENT=6;

--
-- AUTO_INCREMENT for table `failed_jobs`
--
ALTER TABLE `failed_jobs`
  MODIFY `id` bigint(20) UNSIGNED NOT NULL AUTO_INCREMENT;

--
-- AUTO_INCREMENT for table `honey_option`
--
ALTER TABLE `honey_option`
  MODIFY `id` int(11) NOT NULL AUTO_INCREMENT, AUTO_INCREMENT=40;

--
-- AUTO_INCREMENT for table `meal_plan`
--
ALTER TABLE `meal_plan`
  MODIFY `id` int(11) NOT NULL AUTO_INCREMENT, AUTO_INCREMENT=10;

--
-- AUTO_INCREMENT for table `meal_plan_answer_one`
--
ALTER TABLE `meal_plan_answer_one`
  MODIFY `id` int(11) NOT NULL AUTO_INCREMENT, AUTO_INCREMENT=4;

--
-- AUTO_INCREMENT for table `meal_plan_question_one`
--
ALTER TABLE `meal_plan_question_one`
  MODIFY `id` int(11) NOT NULL AUTO_INCREMENT, AUTO_INCREMENT=5;

--
-- AUTO_INCREMENT for table `meal_request`
--
ALTER TABLE `meal_request`
  MODIFY `id` int(11) NOT NULL AUTO_INCREMENT, AUTO_INCREMENT=17;

--
-- AUTO_INCREMENT for table `migrations`
--
ALTER TABLE `migrations`
  MODIFY `id` int(10) UNSIGNED NOT NULL AUTO_INCREMENT, AUTO_INCREMENT=7;

--
-- AUTO_INCREMENT for table `monthly_checks`
--
ALTER TABLE `monthly_checks`
  MODIFY `id` int(11) NOT NULL AUTO_INCREMENT, AUTO_INCREMENT=24;

--
-- AUTO_INCREMENT for table `options`
--
ALTER TABLE `options`
  MODIFY `id` int(11) NOT NULL AUTO_INCREMENT, AUTO_INCREMENT=163;

--
-- AUTO_INCREMENT for table `personal_access_tokens`
--
ALTER TABLE `personal_access_tokens`
  MODIFY `id` bigint(20) UNSIGNED NOT NULL AUTO_INCREMENT;

--
-- AUTO_INCREMENT for table `plans`
--
ALTER TABLE `plans`
  MODIFY `id` int(11) NOT NULL AUTO_INCREMENT, AUTO_INCREMENT=3;

--
-- AUTO_INCREMENT for table `plan_history`
--
ALTER TABLE `plan_history`
  MODIFY `id` int(11) NOT NULL AUTO_INCREMENT, AUTO_INCREMENT=2;

--
-- AUTO_INCREMENT for table `plan_styles`
--
ALTER TABLE `plan_styles`
  MODIFY `id` int(11) NOT NULL AUTO_INCREMENT, AUTO_INCREMENT=3;

--
-- AUTO_INCREMENT for table `professionals`
--
ALTER TABLE `professionals`
  MODIFY `id` int(11) NOT NULL AUTO_INCREMENT, AUTO_INCREMENT=6;

--
-- AUTO_INCREMENT for table `proff_images`
--
ALTER TABLE `proff_images`
  MODIFY `id` int(11) NOT NULL AUTO_INCREMENT, AUTO_INCREMENT=19;

--
-- AUTO_INCREMENT for table `questions`
--
ALTER TABLE `questions`
  MODIFY `id` int(11) NOT NULL AUTO_INCREMENT, AUTO_INCREMENT=17;

--
-- AUTO_INCREMENT for table `question_solution`
--
ALTER TABLE `question_solution`
  MODIFY `id` int(11) NOT NULL AUTO_INCREMENT, AUTO_INCREMENT=2071;

--
-- AUTO_INCREMENT for table `saved_card`
--
ALTER TABLE `saved_card`
  MODIFY `id` int(11) NOT NULL AUTO_INCREMENT, AUTO_INCREMENT=4;

--
-- AUTO_INCREMENT for table `schools`
--
ALTER TABLE `schools`
  MODIFY `id` int(11) NOT NULL AUTO_INCREMENT, AUTO_INCREMENT=2;

--
-- AUTO_INCREMENT for table `skills`
--
ALTER TABLE `skills`
  MODIFY `id` int(11) NOT NULL AUTO_INCREMENT, AUTO_INCREMENT=17;

--
-- AUTO_INCREMENT for table `tbl_users`
--
ALTER TABLE `tbl_users`
  MODIFY `id` int(11) NOT NULL AUTO_INCREMENT, AUTO_INCREMENT=92;

--
-- AUTO_INCREMENT for table `transactions`
--
ALTER TABLE `transactions`
  MODIFY `id` int(11) NOT NULL AUTO_INCREMENT, AUTO_INCREMENT=2;

--
-- AUTO_INCREMENT for table `users`
--
ALTER TABLE `users`
  MODIFY `id` int(11) NOT NULL AUTO_INCREMENT, AUTO_INCREMENT=2;

--
-- AUTO_INCREMENT for table `videos`
--
ALTER TABLE `videos`
  MODIFY `id` int(11) NOT NULL AUTO_INCREMENT, AUTO_INCREMENT=12;

--
-- AUTO_INCREMENT for table `weekly_checks`
--
ALTER TABLE `weekly_checks`
  MODIFY `id` int(11) NOT NULL AUTO_INCREMENT, AUTO_INCREMENT=31;

--
-- AUTO_INCREMENT for table `workout`
--
ALTER TABLE `workout`
  MODIFY `id` int(11) NOT NULL AUTO_INCREMENT, AUTO_INCREMENT=21;

--
-- Constraints for dumped tables
--

--
-- Constraints for table `tbl_users`
--
ALTER TABLE `tbl_users`
  ADD CONSTRAINT `tbl_users_coach_id_foreign` FOREIGN KEY (`coach_id`) REFERENCES `coaches` (`id`) ON DELETE SET NULL;
COMMIT;

/*!40101 SET CHARACTER_SET_CLIENT=@OLD_CHARACTER_SET_CLIENT */;
/*!40101 SET CHARACTER_SET_RESULTS=@OLD_CHARACTER_SET_RESULTS */;
/*!40101 SET COLLATION_CONNECTION=@OLD_COLLATION_CONNECTION */;
